# ************************************************************
# Sequel Pro SQL dump
# Version 4096
#
# http://www.sequelpro.com/
# http://code.google.com/p/sequel-pro/
#
# Host: 127.0.0.1 (MySQL 5.5.40-0ubuntu0.14.04.1)
# Database: ntuvote
# Generation Time: 2014-11-15 07:00:30 +0000
# ************************************************************


/*!40101 SET @OLD_CHARACTER_SET_CLIENT=@@CHARACTER_SET_CLIENT */;
/*!40101 SET @OLD_CHARACTER_SET_RESULTS=@@CHARACTER_SET_RESULTS */;
/*!40101 SET @OLD_COLLATION_CONNECTION=@@COLLATION_CONNECTION */;
/*!40101 SET NAMES utf8 */;
/*!40014 SET @OLD_FOREIGN_KEY_CHECKS=@@FOREIGN_KEY_CHECKS, FOREIGN_KEY_CHECKS=0 */;
/*!40101 SET @OLD_SQL_MODE=@@SQL_MODE, SQL_MODE='NO_AUTO_VALUE_ON_ZERO' */;
/*!40111 SET @OLD_SQL_NOTES=@@SQL_NOTES, SQL_NOTES=0 */;


# Dump of table account
# ------------------------------------------------------------

DROP TABLE IF EXISTS `account`;

CREATE TABLE `account` (
  `a_id` int(11) unsigned NOT NULL AUTO_INCREMENT,
  `username` varchar(30) DEFAULT NULL,
  `password` text,
  `salt` text,
  `name` text,
  `rule` varchar(10) DEFAULT NULL,
  `boothcount` int(11) NOT NULL DEFAULT '0',
  PRIMARY KEY (`a_id`)
) ENGINE=InnoDB DEFAULT CHARSET=utf8;

LOCK TABLES `account` WRITE;
/*!40000 ALTER TABLE `account` DISABLE KEYS */;

INSERT INTO `account` (`a_id`, `username`, `password`, `salt`, `name`, `rule`, `boothcount`)
VALUES
	(2,'mousems','bb3d88dcd38bdbe8af977d719613bcc7','qweasdzxcqwe','bW91c2Vtcw==','admin',0),
	(17,'ntuvotes1','fa350ae12cc9a54b4a346c771af87478','c614360d','小福','station',4),
	(18,'test','fa350ae12cc9a54b4a346c771af87478','c614360d','測試','station',2);

/*!40000 ALTER TABLE `account` ENABLE KEYS */;
UNLOCK TABLES;


# Dump of table apikey
# ------------------------------------------------------------

DROP TABLE IF EXISTS `apikey`;

CREATE TABLE `apikey` (
  `key_index` int(11) unsigned NOT NULL AUTO_INCREMENT,
  `apikey_hash` text,
  PRIMARY KEY (`key_index`)
) ENGINE=InnoDB DEFAULT CHARSET=utf8;

LOCK TABLES `apikey` WRITE;
/*!40000 ALTER TABLE `apikey` DISABLE KEYS */;

INSERT INTO `apikey` (`key_index`, `apikey_hash`)
VALUES
	(1,'2ea85dac3a910632f24e5254ad89796136a11fa1');

/*!40000 ALTER TABLE `apikey` ENABLE KEYS */;
UNLOCK TABLES;


# Dump of table authcode
# ------------------------------------------------------------

DROP TABLE IF EXISTS `authcode`;

CREATE TABLE `authcode` (
  `hash` text NOT NULL,
  `prefix` text NOT NULL,
  `step` int(11) DEFAULT '0',
  `b_id` int(11) DEFAULT NULL
) ENGINE=InnoDB DEFAULT CHARSET=utf8;

LOCK TABLES `authcode` WRITE;
/*!40000 ALTER TABLE `authcode` DISABLE KEYS */;

INSERT INTO `authcode` (`hash`, `prefix`, `step`, `b_id`)
VALUES
	('74a8e8918a87e86561d2405fa28b7fca57b4569a','1B',6,47),
	('873009f12918015b38fb8478d4eed6d3211f4b8f','1B',6,47),
	('32277201603495202ebc7c8a13a5ba31835831bd','1B',6,47),
	('e12704214846355c13f8e457f31562f95ce7c1b3','1B',0,46),
	('66fe25c633b14cb9c490863a4045b69713503a2f','1B',0,NULL),
	('60b21ee601fa3f95997d82ea30800ffcb1e1cb45','1B',6,47),
	('7a22dbbd48649dd22da805d8189863e8531fb08a','1B',0,NULL),
	('c1ce39288c24eb1f6413005463855ee884f99d1a','1B',0,NULL),
	('b05707891f7b84d83a19d29a383ad0bec9ec1e2b','1B',6,NULL),
	('9a6ef98066788200829a3feb1a1b3c5ae15c8f8a','1B',0,NULL),
	('48fa72d776325f92bf2eab9d853dadf51ceff7de','1B',0,NULL),
	('0a4ed1b2e5e6600df023d24247372dbf092e61a6','1B',0,NULL),
	('32c54ec7d989a74282bacd0762c15395890ac817','1B',0,NULL),
	('de8380ece5bce0e8e16a6af24c3b6e27277043c6','1B',0,NULL),
	('9849f3fe265bad5dd8b86ddeb60d594667a55058','1B',0,NULL),
	('06e740761bc7540c05e9ba2ac72621c8c7649e6c','1B',0,NULL),
	('5d20ad47c90913be796182bd0d515f7090684843','1B',6,47),
	('81981013a4560d39796de2948d015388c00b7220','1B',0,NULL),
	('5bd2566c2763f0f16ad35acafab83f57e2a096d0','1B',6,47),
	('4d69007ab7744cf24e0b73e05868f0ea3e3d6c51','1B',0,NULL),
	('a801a82407c3d189da5becb646c82bf04816ca04','1B',0,NULL),
	('8a35cda2ab14dd568b097d6b7d0cbbf45196fddd','1B',0,NULL),
	('0480311b19de1825d257bb02bebed77636855f83','1B',0,NULL),
	('1dc35565bd8de912dd8d169b15774326bf8eb51d','1B',0,NULL),
	('3e9e2ea2d0af12121df12f961aaeee8aada1a78d','1B',0,47),
	('6b38199df802f71ea79bfaef64c7cf81a895c202','1B',0,46),
	('451c89a28f39b4449823096502b99a7d5bdd95f6','1B',0,NULL),
	('5d54869ce3e90e5efd5dfd6df183c46ee0494e45','1B',6,47),
	('cac674ba81adadc3d0caea3f5a7fcc2788aa4578','1B',0,NULL),
	('360430a14a11d229b52febac2b363b8f7953063d','1B',0,NULL),
	('56ee88bc085b46ab5d88ae93fc678c39274c7e10','1B',0,NULL),
	('be783b60e7acf425a16541edfc004349b3a9d1f0','1B',0,NULL),
	('9dcfc12c987358fc148ffecef4e3a5fdcc9480d0','1B',0,NULL),
	('47368c549fabda1c046923e5c6d09a9f8e8fef8e','1B',0,NULL),
	('bfc0812127a56171df443888c8c880ca902787bc','1B',0,NULL),
	('9953e60d08eaeeee36e8888fbe98eb901efcb1b1','1B',0,NULL),
	('5decdb0055a2ca97eedd769b803ea53c6b5847fa','1B',0,NULL),
	('89df6f7e63253578449d985bfab10e769b747220','1B',0,NULL),
	('b9d5cf6b060fece0beb9b1c13eeb0b5e95864ae1','1B',0,NULL),
	('7151b36c44f9a0760bb73497c8d0b665fe5adf42','1B',0,NULL),
	('954cfddbdc26d850cc5f20cac4553b4319002aa5','1B',0,NULL),
	('cea71ef86dcdf0cc8a6b3cf122210f59f2b948f7','1B',0,NULL),
	('8d6dd76e2617610bd122db9c73defc97d444dcde','1B',0,NULL),
	('958624f96f4d15503db8a5917ccddc652131c9cb','1B',0,NULL),
	('b8c231205f434002f7de609058dea9e0822ef713','1B',0,NULL),
	('fd4eaf3e47ba809ab2fddddd65419281c5d846bd','1B',0,NULL),
	('d50130e3face98bbcb420262f2ae11e34ea0d036','1B',0,NULL),
	('11df5de73a377419f4b0ae26f7cbfd7f0386ce82','1B',0,NULL),
	('6d5c35fe085294b9d9c8b42467009df311607686','1B',0,NULL),
	('aaeaf7a769940b1b0999b12a612cbaafae345678','1B',0,NULL),
	('7ddf88955bfeab8335d50027fbfa7b0f629b85c4','1B',0,NULL),
	('ae9e81b062d0057dfc6bc8493b9365649c3cc40e','1B',0,NULL),
	('7cfd9b1aa4b772a43395caa18a490b235c916dbf','1B',0,NULL),
	('2235b46b57a96e19f5f159daec77e5c879feeac6','1B',0,NULL),
	('f64e5b3cc3ebd086e9498d3f9cbf9fe9faca67a5','1B',0,NULL),
	('18b75d45888b48cb1f0b9a58af285acd9da78ec9','1B',0,NULL),
	('66a6133ecf9db901a1ebdee6648b40883616a428','1B',0,NULL),
	('e9dcd8e2b1f121df9b0b4502002d2e7bc35dd5ba','1B',0,NULL),
	('1a3fd444f3bf4719610b67c4cea664117339ce4a','1B',0,NULL),
	('58aef9baac719f204c48736226cefffd1e6ab833','1B',0,NULL),
	('3aa44aa99682a4f4f4bf0f18a6f0d9cf794a9f10','1B',0,NULL),
	('91748558ab70b8c48be1987d6c8f884b03d82499','1B',0,NULL),
	('9e6d87fdad633be18a0bfcac9c34783166bb3e55','1B',0,NULL),
	('e4be172d58d3aefa45b7f633444e345fc5fa328c','1B',0,NULL),
	('5d61fc2a8c7c530794071a34f914756cf1726762','1B',0,NULL),
	('cd965ebc503bd338b425c823e5b05ecf44e8e2ed','1B',0,NULL),
	('3b34d7dc834b49940c545fc95e946387702fa60d','1B',0,NULL),
	('ebdc6971650c3be028dccf039bdb9c3c977e1226','1B',0,NULL),
	('dff45b5865c50edff6f7716cbd9f43e9cfea2699','1B',0,NULL),
	('2634ca29ccfbf1b7f579f5e194fefa823366e7c6','1B',0,NULL),
	('f785c8310a1a2c19588fc22b5efcd9c83b2ba170','1B',0,NULL),
	('e4a2d026ac073d0d526ef44e5072e7d976edd8c6','1B',0,NULL),
	('e1aa234e2cc5685a98c3e5ecd07c72c438e0e2a1','1B',0,NULL),
	('af38e48773f9dcf959e4aa1081c1c8b1ce8df7cb','1B',0,NULL),
	('6d5a5d0515d4c25bed04a9e515cb57997c1b832d','1B',0,NULL),
	('2abf5803641248e13c810eee79322890efa54c1b','1B',0,NULL),
	('a9307ec7ae2311a43cda9bdbdaca77368dacd910','1B',0,NULL),
	('c37bc4e16fb8b72533976e8f0b7b2d01d4f30422','1B',0,NULL),
	('0883a5858e981f573e5383b125dab70f549639c4','1B',0,NULL),
	('5e3d80868bd41ccbcf08992ba195196f46e60bf5','1B',0,NULL),
	('1f106089c20362913ac2455de735378126d40be6','1B',0,NULL),
	('823fc0354cfd2ffcc50250f5f68d656f5859424f','1B',0,NULL),
	('8b06c7e14fe5c3ac13854d1f533a24aeb45586c8','1B',0,NULL),
	('9101671f8253ea7f6d4e843c90d7bbb3a0ec9f7d','1B',0,NULL),
	('e8717dc634168119e2e9fd25a5c39b77bd691f08','1B',0,NULL),
	('5a8ec0e352192fba8c585867bb9e73d4b9bfd480','1B',0,NULL),
	('758790af71e9d763d02367d3380952603948dd24','1B',0,NULL),
	('1a74b2e8aab627f607a22fcaa917b2edd672fb52','1B',0,NULL),
	('d52bfa3564ad8025239b413afe4f7f5070e860fd','1B',0,NULL),
	('8d1e0d3351f7e6004814f0d1796b6d8406a6b038','1B',0,NULL),
	('e98126a12893a196303ad882816b4b4dca50f627','1B',0,NULL),
	('722392b06f9edad2624d54f83df56327472b511b','1B',0,NULL),
	('05ae175daa2c99fafb21b6c0e32c8f70ddc235b2','1B',0,NULL),
	('7a1a40c0f4e0012d6d2dd887a3adfbaa96223611','1B',0,NULL),
	('971e4782f5e225237d58ec6016996e0a907d607a','1B',0,NULL),
	('60834d8e18e624918cfb1c5faaabc6879725463d','1B',0,NULL),
	('3321587706018ec1360c7564c725df764e8340cc','1B',0,NULL),
	('5edc3d1d80e67dde2d764841e796fa7c5345dc05','1B',0,NULL),
	('032a46f41b0868668ce11d6abadb137eec864d52','1B',0,NULL),
	('fb2de86096f327063f8e77b9e113702ab8334d9a','1B',0,NULL),
	('115d566131582b7311dd5e7dbd1303c2018823b2','1R',0,NULL),
	('aa37efa11435909c419d2dd5ae052a28eaeaa7de','1R',0,NULL),
	('656b00dd5ee9211edb4f967155e7418e19452af9','1R',0,NULL),
	('f893416ff4b98f52fce92dd627542a78c842e557','1R',0,NULL),
	('673dc30a89c4ad0038fe9e82e119e7dffac35ac7','1R',0,NULL),
	('72b67b51c61fbe3767f76fad9764274f2ce41d54','1R',0,NULL),
	('364e4666b2de67fa3e0376d269180500a8dc79c6','1R',0,NULL),
	('ecdc609f28655aae4004ec99ef05cf80e8ba47ee','1R',0,NULL),
	('084d8a52b81e4ca34c4fa3787f8ce979be076fbf','1R',0,NULL),
	('a33f6ce8a226261b5ca38d447018697fbd3259ee','1R',0,NULL),
	('e3baa51c4559f1c9ce2965f699f1871db26123d4','1R',0,NULL),
	('b812bda2bae8bfc9fdb3c8972ab8e52987d25bcb','1R',0,NULL),
	('857420b8f754d310624fe0d8842e0fb16fe0c4e1','1R',0,NULL),
	('fe9c785e213bc6066fbe0f859a0b55cf824a8577','1R',0,NULL),
	('b37eb077e979ac4bfe6c6545e677ca641440d686','1R',0,NULL),
	('b76845312571ea37578ec8d23c869ae999308a8d','1R',0,NULL),
	('d9693bdabfa1705902f18e17ca01db7be1da9cda','1R',0,NULL),
	('f9a02af1401a58dbe4bfb9494ebe3400f0da2ba5','1R',0,NULL),
	('8f86616241c180a010cda5a6f125ddcd5bed7446','1R',0,NULL),
	('e52b551120fecc47f2a2c26d26b833f57dfcdff8','1R',0,NULL),
	('1408a105042e4d4bfc59ecda59791aaba181022f','1R',0,NULL),
	('3336e0e27ad0eec301a5c9c3384585692d2fa9aa','1R',0,NULL),
	('85a874c303058ca1dd6fcd3cf08885f4e668ca77','1R',0,NULL),
	('0a7c0d315ebefd13a29d929eb7b0b8c8d4e9704c','1R',0,NULL),
	('d51009b2f0d3887ff493029c83b40b202eeac7b4','1R',0,NULL),
	('d3531507e38f6a1788283e1dd8368adc974be861','1R',0,NULL),
	('68510db8beff9bd83756911e429c21bbed169f90','1R',0,NULL),
	('6cdbe5d41949e6ee3a0417c89ba0f5333db68684','1R',0,NULL),
	('13abf7186f50ffc7da94e2b89c32810a9dbbb689','1R',0,NULL),
	('2bb8333181080787d53fb3228d3d653cd27d6524','1R',0,NULL),
	('84f49cf7143722b010096837fea355b1fd425160','1R',0,NULL),
	('4e5315f835f7c3ebfd9010710e20752aafec5c16','1R',0,NULL),
	('3cdd50187ec940ecaedd794a0344e8b041ac26c3','1R',0,NULL),
	('7d83dccf7908af2b923436b0a868beceb4d33cef','1R',0,NULL),
	('264b182151bfc7e502dbd299964670bacc899dd3','1R',0,NULL),
	('e42cd82eed422dfe5d0b266d42b23bc652d901c5','1R',0,NULL),
	('63a5ac30ad4b02e3bbdfc6941803d319d6fac8f4','1R',0,NULL),
	('965139ea47facb0ee968d6877dec48ed693e2e99','1R',0,NULL),
	('e5d15fc81574093b861568d8f3b75b06da7a1c39','1R',0,NULL),
	('9e4cf9e1fb5ce6035a778458b97d18d373240717','1R',0,NULL),
	('5ab8385b21bad59d1d0ca81084fbc9a3390ef976','1R',0,NULL),
	('9ea30a64d8efd2bde71592984d1dec31465c884d','1R',0,NULL),
	('19304feb40d783c34a4a5a84b401802085e7cd55','1R',0,NULL),
	('3ada58066e5de17ac4f1fcd08114739f828dec39','1R',0,NULL),
	('f9590cc4349035cb486564a213028ce1c7baefe9','1R',0,NULL),
	('c234c33f689d56a419ca2a6c65debdf6fdab2249','1R',0,NULL),
	('14f1e161559496e1bcae1014083579a0cb98dc08','1R',0,NULL),
	('ebdd2486c42caeaab77b8c7de3b93e03be4b8895','1R',0,NULL),
	('911f6e8bf8f13f97027a763186de0774f8ba74e6','1R',0,NULL),
	('3f152f054d31ca8d10d128d039cfd26276724eba','1R',0,NULL),
	('d68dcd1a7377f07d89d2a8b4b307d04833dd1927','1R',0,NULL),
	('bd833c619c6811633ce116bc2bff109b55f13b0a','1R',0,NULL),
	('2d032fa15c1088f7d89db385aa4cf0d3ce27cb9d','1R',0,NULL),
	('45061f3ab9c71aed9fb7fa0b3db0f9b00b015d14','1R',0,NULL),
	('46b21a5d1fdf658113f3e41b81d5451dcfdf25f3','1R',0,NULL),
	('c05de3904c874153dc28b34e7d676543eacad55f','1R',0,NULL),
	('7a79f46640eea62e53f6fa8b75382a61b10d2484','1R',0,NULL),
	('31d255599a3874f1bdada47d7f9f72878c1673f5','1R',0,NULL),
	('a007cf9ab5e8f6df8b34e779874ae26b1299d622','1R',0,NULL),
	('fe260d0d763b12c3f541769f4a871833d53d5605','1R',0,NULL),
	('8aeda97c9280aab6c991ff2a2e685d16b45ce3ea','1R',0,NULL),
	('6d4d308fb085c60acd227f78900edd7ab863d710','1R',0,NULL),
	('594919612aedaccec30b4e0b9256c55efcdc4e6f','1R',0,NULL),
	('7a5f9d7fc13ca8b8082a22f901898d0b3f3c2246','1R',0,NULL),
	('2b057e96111e9c4840e79d188675d52f3bc421d4','1R',0,NULL),
	('1a7203ee84e8da08b008a948fb9131ed455ed3d7','1R',0,NULL),
	('2b84f1e3cf22ae3e29b05b79cb62b5206d09bcde','1R',0,NULL),
	('1c47964e8311ac889cf1407b3afd89c5c2168e0b','1R',0,NULL),
	('e9dc7d8eea0c0962f399843aae75bc17617589d4','1R',0,NULL),
	('79686f044e6cd842bf156efcbf32bdc253ac35c4','1R',0,NULL),
	('1f0640b0257d216e52a1843e359becb1a4478e7f','1R',0,NULL),
	('83c9e4809061c82bcbbd7c0b6badd0662cd79c30','1R',0,NULL),
	('79ac812b1fba1e9c8214cb5c7df29d3042e03bfb','1R',0,NULL),
	('c83c3668beb2849d88e5f430ec28ba1d8a081479','1R',0,NULL),
	('a1b07c8743db582cce1635a26c56278c40b0475a','1R',0,NULL),
	('63e6774a3e7a66e450900cca81c9c82f3a235523','1R',0,NULL),
	('472182f71126155cc77c51a1c0be57e657fb55fb','1R',0,NULL),
	('654814d2cbdeb92403f1bb388bf77a25b43c911c','1R',0,NULL),
	('b567a20f23eadf3f975028a85cfb7aad526a2abd','1R',0,NULL),
	('387a7a3b709e5cee375c2a7db882eb7380e56de6','1R',0,NULL),
	('75495a2217c454a58d1aafa410075e166e1ab84c','1R',0,NULL),
	('8c0e55270a9caf12e0f2e2b13ab1009e197ed9fb','1R',0,NULL),
	('f661b34df7e1fe24b36a259b2daa7cb55e71aa32','1R',0,NULL),
	('d0be84fccb20f67aa2a2a0ef802d37a66fa687ba','1R',0,NULL),
	('79e58381a2861e4505cc4ce1fee88527e36d7b95','1R',0,NULL),
	('b5c5f00f3bbb7ce15245b8d2b09ae904301e40d9','1R',0,NULL),
	('19229f6b0144b00be11cf4f10f60301137d7b64d','1R',0,NULL),
	('2ca6c99fdf24da267a51d0a0ea01a3488d118c84','1R',0,NULL),
	('a372ef0cd17ef7cdfed2a31f57276c4352e86078','1R',0,NULL),
	('dd0f0b973e272cd4853431c73fb5076c5e350f55','1R',0,NULL),
	('ac1351806b22a3d391dcb42f1ec38ea28254a6d1','1R',0,NULL),
	('d450ad8e358c101bbbc844669d36231d9e8a244d','1R',0,NULL),
	('20bb6702ce2495ddbdeff8d901233b2a85fff8d2','1R',0,NULL),
	('68e9b8b51737e7389b7c8e012ee3e3c65f8a8d93','1R',0,NULL),
	('c4e5c2a879ce2a70e90c21111d130b8f9bce0055','1R',0,NULL),
	('0bf65d6a341ec3abc9be0bae694ee79477e98570','1R',0,NULL),
	('204f2700342aa12bff64a5f3431f4b53700110ff','1R',0,NULL),
	('6cef4a5b355301a8f6c51d1c9cbc03606bbd4858','1R',0,NULL),
	('e5c92a81b6832b78710285dee44640b9704d4e43','1R',0,NULL),
	('0f6eb9642d11fa8114fd0338aed750d3ac212996','1R',0,NULL),
	('cfae684a2be789966a6da69e4210247320327a7b','2B',0,NULL),
	('7be4413bdb4a289dd8421d1c953af75c4369f882','2B',0,NULL),
	('71cb52e387224e3aa260c7ea0cb755e7a5340524','2B',0,NULL),
	('52c9be3d7f034a6c1f6624e00f9b23af9eec5fad','2B',0,NULL),
	('ca7b8db3b11daaf5ef14d446f09986fe27155ca4','2B',0,NULL),
	('a41f8cd15b4ae901b5c7672d5cd733f1b97e2447','2B',0,NULL),
	('2dac7255a2f03967a9f2e00530455e7baf0dc58b','2B',0,NULL),
	('3fad77a6c92730492f906f43e43d76bb1885a148','2B',0,NULL),
	('35407895ec3d71db44c5dd0c59007516e437fd6c','2B',0,NULL),
	('cdba0749dc61d5158e1646d5b93b09671f0f3c7a','2B',0,NULL),
	('d3ec6683e0db8c90509205b6b32c6f165622939b','2B',0,NULL),
	('a6d8c879d840463bd2cbfad69838becc54c3f5a5','2B',0,NULL),
	('291531feca44148f65bf3fea9742949d34ff48ee','2B',0,NULL),
	('09985152c2b9cdbc12fe9d8576afa30a97a5a5d0','2B',0,NULL),
	('ce4afd9509834c61a1a25e367590b719c4a9517a','2B',0,NULL),
	('5262fbeb48424f59ffccdd51e8c080f6b2d0d3fa','2B',0,NULL),
	('dec91a38b23b3dc4451878f6eb3052551179a3d5','2B',0,NULL),
	('c65f33b351851eb861da7fde650ae5ec8905bfe4','2B',0,NULL),
	('93931fd24db5f87e15233561e328e338768b4543','2B',0,NULL),
	('c9a5ac40030cc0c4af2bcc8b1ccbd1bd846fff03','2B',0,NULL),
	('883e2a8edd8be1b0d06130f2e7b1075c2b7c2830','2B',0,NULL),
	('1454b658b4701b93d380ec515830ed1cbb631142','2B',0,NULL),
	('8cf15047195894cb6312db24c05ec15e95c4bb0b','2B',0,NULL),
	('7c337a41c4f9ab67790ef2abc80f67e290ae3d6f','2B',0,NULL),
	('70865a6b42982a339bc23f5559248bac26324f49','2B',0,NULL),
	('27cccd333b84498b42cc24d99072c98997274088','2B',0,NULL),
	('441b9ce355eb4f7c1f9177bb99ff0a3c5983496a','2B',0,NULL),
	('f5a73c46b635152f450bd26c640eebe4ace79b66','2B',0,NULL),
	('0dc2c6fe3509253884814011810bce6bcc3ba009','2B',0,NULL),
	('26d407a21266bb083ef245ac64ce4e5d9489599b','2B',0,NULL),
	('cb3aa5458cffca3c4bb1005eba818a66a2b84737','2B',0,NULL),
	('6ef10c463004686ca9f31cca048437c856471302','2B',0,NULL),
	('bd2328278e726fca936110a99d4e20fae94f425e','2B',0,NULL),
	('84f3865c4ec20eb24cb10fcbdcb0b4313d0b9b8c','2B',0,NULL),
	('aaae8ddbb43cbb90309d947fe2533d73b49787a5','2B',0,NULL),
	('0fb672c34f3eb1118d68f193d3f7c0f722a7d642','2B',0,NULL),
	('03e8de5be89b5795273b992487f4018a21d4786d','2B',0,NULL),
	('c4fa1828bfb2f7d7f588f0645362d2229f860541','2B',0,NULL),
	('ec30ff03d8c05339deb1553e19323a02b0675444','2B',0,NULL),
	('a2dfc02a1dfde448b6befb5afb292c5f2fa98442','2B',0,NULL),
	('795af22169bc99158e60983ada9d13891f6a9148','2B',0,NULL),
	('7a28fd152495f40a3b7e904e474e9676542d5aa0','2B',0,NULL),
	('34e302d0c0618c6f1deb23eb50f887a983a4d6d3','2B',0,NULL),
	('3c1148dc566ac2814005ba6876a4f8a0a9429c31','2B',0,NULL),
	('dba9d7a62d44190493653d12ef6f6b5ef3f5d2c2','2B',0,NULL),
	('aedbdc3ef8c5c4d5d6a5afa4942387f5b41cdb5e','2B',0,NULL),
	('dc9345b0fe54f22ec99916f2dafb4dbf99268211','2B',0,NULL),
	('5c220aa187f85369c7d38b5379bdbbb09301fb56','2B',0,NULL),
	('bdf1d81724bceb5768964d5e9e2b9bebf8870495','2B',0,NULL),
	('79031926f8967ef3e1479b09ffc72ca99891abe0','2B',0,NULL),
	('06e74862b08c69c3f40c8e927f0547194e341507','2B',0,NULL),
	('a5dee521de05ed2c36c7055f51cc45dcb50f2462','2B',0,NULL),
	('69494da66f06c3e65da8084cde24c5e1e924b7c8','2B',0,NULL),
	('186825f891988d5d32df57d0675564a469fc0124','2B',0,NULL),
	('5f9dc365297e7225c952dadf56e38693c7723923','2B',0,NULL),
	('0a57927aa399ac2fbf6a64e1dcd9cfe1a2db42e7','2B',0,NULL),
	('1d5d004bf1d1c67c86b72c918cc89937ea730515','2B',0,NULL),
	('9492dd0ac1946e6df5c827fef56a1d951d218900','2B',0,NULL),
	('216d33410ccd090e04b37eecdac9ab98245a524d','2B',0,NULL),
	('6da065e5fc9f427066d0bfa7797ff82efc97043c','2B',0,NULL),
	('72921e605d76daf7c6ffb7e8456809fbb491b8d7','2B',0,NULL),
	('1f61f75ddcfc7eedc5fea98348bb2d91553b9d5a','2B',0,NULL),
	('35370cfba96c49a0483b4d197d6c443b3f86bd07','2B',0,NULL),
	('ceafbed8ed194466ca0f291d70f369a1a3720486','2B',0,NULL),
	('91cca97d3148436ea18e13754036999d31f3ddb3','2B',0,NULL),
	('45c63884c8713b909ad56739100f965bf4e83c8a','2B',0,NULL),
	('0c26caf9a1e2c58b375738bd8b8521df6a500486','2B',0,NULL),
	('5402ff9244945b54c844e148d5796e9edecd3a60','2B',0,NULL),
	('512e58328153f284818e6f381d7363e70a92491d','2B',0,NULL),
	('9aa9abb49eec937117a9e62dc10d6e7dd9fe3d97','2B',0,NULL),
	('1ac7963617045df277a63ee140c61f7d4ace8999','2B',0,NULL),
	('9ebe755982d0bfe9430f8472abe8760c0e83672a','2B',0,NULL),
	('f67c040c2bd47abfce2eb11a28ad254b5d7c23c9','2B',0,NULL),
	('9e668e081b0cbb5b58396a0c66c35171bbe10a4d','2B',0,NULL),
	('87295450ddf58b8897c9c7cf7e61d9943d7b6715','2B',0,NULL),
	('fc61c81c5c6d077f980e51232b902e12e944dfec','2B',0,NULL),
	('7c99443710358496ef368118bddbab92b6c9eaa3','2B',0,NULL),
	('9b07a3aa0c5ca1460755497ade16320753045977','2B',0,NULL),
	('2b3406499492d7d5f6d4604f56faaca8c9769f92','2B',0,NULL),
	('566b7cba5a11708d12c7fc6d3f5e27afc3526db3','2B',0,NULL),
	('7d2bd7be3bab71b8d866988a207ffb3dd4a5ee60','2B',0,NULL),
	('56e58eb463099ea02e6113c80b4b7f35c24e3aa3','2B',0,NULL),
	('a80f3aca643a09549b2f7c39d5900b8af3f4eb1c','2B',0,NULL),
	('dff850d56e76327896f0e8964b3d650bad4ad8d1','2B',0,NULL),
	('e7da507e8287961787b41a5164af26377a6f714a','2B',0,NULL),
	('ba7c29b224ed4dac9fa0971ff8c3ff8acc75e086','2B',0,NULL),
	('e4da43a2bc43ff8c68e3cea5f968db7e731e20c7','2B',0,NULL),
	('78740a9b18c3596aefebcf254fdc35d69c9da78a','2B',0,NULL),
	('eff669e1f88d71fb40a404c717f8eec5aad52315','2B',0,NULL),
	('a2e1b67adf137cec6500e84ced8da6427d155d0e','2B',0,NULL),
	('75bacd7b91717d012977ef18e161ca5467324540','2B',0,NULL),
	('f86d361180ccffc87e52191c83d016ee66455835','2B',0,NULL),
	('8523dcea71caf2b41aa41c2c1d7e962db86586ea','2B',0,NULL),
	('a00c23abebd2a183261529739e217777251ebbd8','2B',0,NULL),
	('94d917aa4ae8b4916570302c9115941f5cfa54af','2B',0,NULL),
	('0eeea5800118a0c8736e7628f892567d4ffeae56','2B',0,NULL),
	('6d6b53243fd35758c4e9ed3cac393a64e0f10c10','2B',0,NULL),
	('a914d80ff1c231724373c972b75bcc0d66dda346','2B',0,NULL),
	('1154efc708dc6dc72b5fc8b3e3e09d2969c04bf1','2B',0,NULL),
	('887575d6c0495b2b91bc0690059f9cdc8a4008a8','2B',0,NULL),
	('ea41888e5c3f063315668987259430da009c7e1e','2R',0,NULL),
	('671c14a8218579519712959490c628cc47d5536e','2R',0,NULL),
	('9b2bad3243d8a63edc8d563adf340ebe3051f445','2R',0,NULL),
	('993e6a35883d7b377553f799919fa64b44ca40f7','2R',0,NULL),
	('e4794f438238e931c643ea35b92fd56ad09f8934','2R',0,NULL),
	('ab2b2f81ed89d1c1958ada2bbd81f3509c40b29b','2R',0,NULL),
	('e25df72c123adf4655905ed33678716b821c2ede','2R',0,NULL),
	('2e9c7019649a7915bcaa55d016333f93ac37c598','2R',0,NULL),
	('79214ae0676fd482070336a0ca1d171354f5c7d6','2R',0,NULL),
	('083aae0b1b422eb8fb391f5051633b8b762f3a61','2R',0,NULL),
	('9dc9ee83d696479650af32e9b9f2485018da33ea','2R',0,NULL),
	('66efa83610e1ceccd1696df0095d9bf79099df43','2R',0,NULL),
	('ff7fc54a10814453b728d002e3e54f66cd34ac13','2R',0,NULL),
	('2ba05142ec9f7c880947288556c1567f1c302248','2R',0,NULL),
	('7e700f16fa6ec3dd69e3382c0b2adf54052a4d77','2R',0,NULL),
	('ccc750b7a942da63ce1f66fa502c728646ea1818','2R',0,NULL),
	('10e23ed6a18c61ed6a5dd76c765c4b7651c91e0e','2R',0,NULL),
	('520150630655499d90d6f3b0ceea426aa061397c','2R',0,NULL),
	('e028e078cf0fc3170a1778c887f3562e01ed54ed','2R',0,NULL),
	('1d9ec821d5d343fc8033bb7933247e9d0d733206','2R',0,NULL),
	('ab70b11f866e558fb18367cadc247bd73a11249d','2R',0,NULL),
	('1e95a2d670b5dda515e51a7e1d020d1e751b669c','2R',0,NULL),
	('307f42267459ea09f77515c6d7fa9345c03b9b5e','2R',0,NULL),
	('dbdd698f7d950db7a975e4a29db0ebed2b67e7a5','2R',0,NULL),
	('6202cedf74376e063e23749d6be0bfa4101b5e49','2R',0,NULL),
	('6c89df2693351abce20737ebccf71f4a898dc616','2R',0,NULL),
	('a3d77d77efde02d80350264cf6597920b5ead825','2R',0,NULL),
	('1b9fa93a0e1cf6629f1588e226fa420237b879ca','2R',0,NULL),
	('1821e0527db03e107bb62c4cf8925c4557079132','2R',0,NULL),
	('6623a92ceb9fe973e9d90ce855c02c8211ce2436','2R',0,NULL),
	('e0c340bcbb892c1a794a11ceb5fdf9e0be9f2cd6','2R',0,NULL),
	('53cb85e2b17e889f17df0e0dc193311eb0f3db74','2R',0,NULL),
	('21d90f5829dcfdf4009361599f60aafc8f98049c','2R',0,NULL),
	('8ca0d9604cb7b880a93640a5de53ccbc9aa72dd0','2R',0,NULL),
	('f5413eaa483ca5939e6bbf48dac6a42532fe1b39','2R',0,NULL),
	('a825616d5469981e1aea210c6dcc75475c473e0c','2R',0,NULL),
	('46480b00668900a4e4cf28e3af6b15873e0e5876','2R',0,NULL),
	('f70e0f72aa1b9b29078a8eeba19a1c5ed2087339','2R',0,NULL),
	('9ada347162d8a2f009d375ad5ef2506d88f61980','2R',0,NULL),
	('f0699308f816c3b413110e9f3237de8ec0c08b97','2R',0,NULL),
	('e5d9668d9e3475a368139bd045ebcbf88b7b15d7','2R',0,NULL),
	('5e16392d9e5858cb83681469d8991d6d97500487','2R',0,NULL),
	('0a84fd05d341de2743a9219f817413e42918d6f9','2R',0,NULL),
	('97a389ae6b5f0a78ed51f4e8832e0c57313650f5','2R',0,NULL),
	('585786431204f4abd63c62ae9fcfb0daa473add0','2R',0,NULL),
	('61a7cfab99d7f6a2b9769a5cb8942d5b8867dde7','2R',0,NULL),
	('d5e0f874b9c9a02c0699270bdb6bc44713290d7a','2R',0,NULL),
	('83cf3d5bddb51ede904450ac20d3c42b5ba51f18','2R',0,NULL),
	('95a6d22bac3703c447e72541a471fed9526471ee','2R',0,NULL),
	('958c36d71bacba765875ffe05a9825fe38f33c64','2R',0,NULL),
	('a2647c6154d79ab4f56723da7e56a4cfd30a31b9','2R',0,NULL),
	('7fbe2a8d67260793f0254dc8341a07e84aceb5f8','2R',0,NULL),
	('e597c2beeb4f0508022469b96a2fea7925f5fc64','2R',0,NULL),
	('d5ab4dcc94e7878b6cc70db5bbd6dcc3300b9a1b','2R',0,NULL),
	('b247ec072ee87ef4b8ec54a80ea1bc5e1fcbf443','2R',0,NULL),
	('58ee984e66ad527ad758c6ec7d633d9afc2dd90c','2R',0,NULL),
	('bc8f10b7829df58a91ab4c9ccccf6602113f0ee5','2R',0,NULL),
	('bf7a41679d069b2e33f15b6be74a7f3223a31ff3','2R',0,NULL),
	('3115e19262eb76c4b418a7da66e72f364c215951','2R',0,NULL),
	('2c9f2b63af0024ba102048de554558957ed33a8d','2R',0,NULL),
	('f8ee35bef47473233c86b0d52e1b933b9ad2a5a7','2R',0,NULL),
	('ea94813ae384d99e5dbcb5c0e28dcf3e6601c7fd','2R',0,NULL),
	('3de697278f87abaa8f084519d4e0f56bb19413ec','2R',0,NULL),
	('464622a34363d17b220c6a684bb5822bdfafdd46','2R',0,NULL),
	('b034444518890439612ab99ad8ffa49754bdee14','2R',0,NULL),
	('e43ef4af726ec7314030bb8a494f5b3db60b79e8','2R',0,NULL),
	('2ac3726714b7a916b97e4595c52fc40fc7d40885','2R',0,NULL),
	('e75b381af2f6ff226b6079a1abac1fe3434c518c','2R',0,NULL),
	('f6737b8974f62db73faf60822e525dbb95ea4067','2R',0,NULL),
	('f129edab690ab2852daecf6cf16ae09f066b53bb','2R',0,NULL),
	('8121d8322f1fbecdba5bfa37226286d41d700ee7','2R',0,NULL),
	('79c7f1755b37fa0cbb6b21b3e99e80867e576d84','2R',0,NULL),
	('e78de18f03f74bccfec413718a177ae3793ad266','2R',0,NULL),
	('a4570b88024d7bf0bf67044652de08fee99bcf07','2R',0,NULL),
	('ce5e6b80aaace3dd565031b1227d3293d0e4e441','2R',0,NULL),
	('acce666606cdfd00015272d92521ec365e79d865','2R',0,NULL),
	('5ac45de74521d21402e089bfbe42aa0c60fdaae0','2R',0,NULL),
	('59fb4d9766cd1061876427c3a335cb173ed78592','2R',0,NULL),
	('76b122c1aae325dbb517e88865ce67e65ca1f9b9','2R',0,NULL),
	('95718ec731cc92dc59007bf8f9eea9ee18f58e10','2R',0,NULL),
	('450f797af064dee04cb06ddd31970d33b121f9d4','2R',0,NULL),
	('6f140a42fe9cf01153d6c43a5a5a28945e1ff779','2R',0,NULL),
	('42c3952919ef88d97edea7bc3f167979c17e2780','2R',0,NULL),
	('e76965570fb4c120dc36b4c558af5867ed279537','2R',0,NULL),
	('7ad65b19e3b95f6039b01ca74c4fa83df1753afc','2R',0,NULL),
	('0c54ed77627311cac6d5a6c943772d0563201f57','2R',0,NULL),
	('381f0c542d24182af51cff09ad39910d8daabfa5','2R',0,NULL),
	('8911a0a382c0532ac7e58982f4242d86d33164ec','2R',0,NULL),
	('f925a590a5b5150903ec0085ed002c989b8def66','2R',0,NULL),
	('0fb67d9fb0c978cd885b6d9198859c115d1a3d32','2R',0,NULL),
	('9c1d0ef430a2539a1b5ba62dbd5d44c06be83c1b','2R',0,NULL),
	('1546293af90349c08721ab41671e92801232229f','2R',0,NULL),
	('72626cab6558047ecd10386076bb5f29997dfe39','2R',0,NULL),
	('7d38fabda2f89f8ff3a137fadc6dad64c6db54ad','2R',0,NULL),
	('d893cfd381b5f93e5925ca79ba998ae02844b757','2R',0,NULL),
	('4219d94ccc4416ef7431b2eee5824f46647f91bb','2R',0,NULL),
	('d2258a241dd2f4982f7d2fb568a36203d3b04b21','2R',0,NULL),
	('fa90d6cc014629cf24e0260f11fb373458e80d4c','2R',0,NULL),
	('536f6689689d22fbc24abef988c70c45e2596e0b','2R',0,NULL),
	('b8a1b9f851e8fd15eaaf61c67264d9651b495d1f','2R',0,NULL),
	('792e034deb7ddf95b36de659c9a36e3ca4fde21d','3B',0,NULL),
	('b459b97b2ef3b0459d45399bd090f7ba234e1946','3B',0,NULL),
	('e7d3db02b59eaff40c326f8b046e3e86a7c3708f','3B',0,NULL),
	('faca24a0c41b96793b45fed163250492d476b4af','3B',0,NULL),
	('4c9c63311b06244dac476e377d8eabcfcc05de00','3B',0,NULL),
	('1fce403743c57c75f135ae5ebf25de3af7cd8ec1','3B',0,NULL),
	('b044fb6bf59bed125908dd9dbef72be5abbe534f','3B',0,NULL),
	('842714a12a1dd10fb2a1cfe59e2fb894290c4581','3B',0,NULL),
	('606b027f3ac2ee13ac4aac8bc20b98ecff666de4','3B',0,NULL),
	('6a4442940f9572ca6a8cffe9f95500c4f95fbfa8','3B',0,NULL),
	('bd7526e1b92feac04e6bd85ecca87c4afd657177','3B',0,NULL),
	('e133cdff18d92fa926ea12132812153039756542','3B',0,NULL),
	('2a689457760d7c594f8dbe1cd299fd64e6358b89','3B',0,NULL),
	('060046c48f305006395f9b282525153f3156400a','3B',0,NULL),
	('191b6e2d5ce6c37d86ecadc922988cf34e76a4da','3B',0,NULL),
	('1b34bfd8a2ba40719914c33e4fa3897746452a35','3B',0,NULL),
	('7bed086e026a81012f8c4028f8dd4727b54eb88d','3B',0,NULL),
	('12faf560c11ffb3f339a7304dafdb639397eab1c','3B',0,NULL),
	('7a8f5fd069dad4709c761d0afcfc73276c2b1ccb','3B',0,NULL),
	('98165b1e4b82cb32e42f59af0e0a25a7e73defd2','3B',0,NULL),
	('1e90e895d61f28afdda65bdb245c7d32b635971c','3B',0,NULL),
	('1cf816435da94bb1d3242677da61265ddf212793','3B',0,NULL),
	('6d49068865bdfd01fe12a84167e93d56d8c23d98','3B',0,NULL),
	('cee1a78a525c2f9f794b14e75450e327271872f1','3B',0,NULL),
	('676d509681439559d019dcfa809179162e79151c','3B',0,NULL),
	('d2a58bba245278b3bef94178e03fbfd7c13f74e1','3B',0,NULL),
	('7ada9390883aa0f2b74dc1564e5ac3bb12135a1f','3B',0,NULL),
	('69cd620b886546a186d80f2465d860a54cbcbf71','3B',0,NULL),
	('799feb737c0574d5daf46e3e25f971fdbc9535dd','3B',0,NULL),
	('f3c7d1975c634a4ea954398b2f350e9296596042','3B',0,NULL),
	('b1698d5069263aef1450ba18b5a261c363194490','3B',0,NULL),
	('e8d8fa1caccb5d755a2cf9e80aa2b34c42b08e17','3B',0,NULL),
	('f26633874913d66c4af0d3524d67a12ee211504f','3B',0,NULL),
	('543183553206ab77f37719d22784125222f80b4f','3B',0,NULL),
	('0680f07abee06ebe70f7def537c8f32586b9887a','3B',0,NULL),
	('e928a01683156dcb0a87ec1e43fbf1c727d02bdb','3B',0,NULL),
	('1ad46fcfb4e297a863047b74e4a5fbe590a88408','3B',0,NULL),
	('fe8e87e142b2921c62f62d26a057b3bec172d3ea','3B',0,NULL),
	('c959bff38f331f57aa65362a32b0e90f7e799618','3B',0,NULL),
	('77d9e41f4ae5ef5b663b9f3c7fa38cccd6e8d932','3B',0,NULL),
	('96b25169152191024ee0d9873d77801a4ad097a4','3B',0,NULL),
	('5d7b3bf1a734dafe4ddfc053cfebdd7c4694a33d','3B',0,NULL),
	('be83bb966fb3c7a633456ee2ffd3e792b90a8206','3B',0,NULL),
	('97c0de5087c0a43da0391b0caab5a35a1051757b','3B',0,NULL),
	('606aa4ddca5cb25730498d09d51842286a784ab1','3B',0,NULL),
	('ffdf523fceffb63a411eb49998d098e1c32bdc1e','3B',0,NULL),
	('f7442c20891017dfbbdd850095337b4cfab38b42','3B',0,NULL),
	('6717af44c042022503b20329d95fb19532e13b57','3B',0,NULL),
	('f757bcdd0a774767dc60c1df708a40d534386eb1','3B',0,NULL),
	('2da480536fbd07a907cc0b54f5b06b9468c48da8','3B',0,NULL),
	('e249ec7647b35076c41132b23d458ffb001f29fc','3B',0,NULL),
	('e597dea7cf28e7b74060d33a644ed78c92d76077','3B',0,NULL),
	('52bbaf2520158ca9c1f13672974b7dbf9ceeaaf1','3B',0,NULL),
	('a7a80c7b4b6218fc3bb408c04d45a8823380d86b','3B',0,NULL),
	('e6f214a2107929963c4fb06396a5a6664a43837b','3B',0,NULL),
	('03b06e0894f4b9d6776a6c0b2c25c8c17c8f6d6a','3B',0,NULL),
	('4b83c3e90e17efa7ef253584ac2c5697a01b5209','3B',0,NULL),
	('006303662c6a4d8bbbaef1013b8c004d5c83a29f','3B',0,NULL),
	('a1254b98a31f0fe1818464782f992fba6bae7acf','3B',0,NULL),
	('5fc136468f4a2cce1e030f8f5a0fd1f3e2bc0c78','3B',0,NULL),
	('ed3331d56289e273c438a78538436d5d84c37422','3B',0,NULL),
	('5db1edfe69871ca3a66a2df831a54a50bd230ff0','3B',0,NULL),
	('be65c306c6423e38460b21e26a5223a70f17ff94','3B',0,NULL),
	('d9be4f5cb05c1fd53ca65decd381164827234e5c','3B',0,NULL),
	('70c47505fc379e911563c1d47bfa4d79c16ddae6','3B',0,NULL),
	('e6527917f0e0be17660a3ce39e82bdaf7c023c48','3B',0,NULL),
	('bf1c207b92eb3b82140580c0ddb9370c82a3f425','3B',0,NULL),
	('6769f35780b641fd9c2ab06d10150f9f23f08070','3B',0,NULL),
	('2c834fe5ede457adb46a6c37782ad7d373491b63','3B',0,NULL),
	('6279bc44f81a2e15faec09a8a50c531f9322e0ca','3B',0,NULL),
	('3e9ca4a7738f1aea9f323f129b701171b9cabcaa','3B',0,NULL),
	('a97fbdd7b4b6bc1785b970eab768b51244729f36','3B',0,NULL),
	('32af54f941b9205fa6918d09dd35ceddd1fecacc','3B',0,NULL),
	('c163283d7279f787bc7c0da88bbff8db87c572b4','3B',0,NULL),
	('4076ddcb637b5013c7f836cfe65626e4ff4cd9ea','3B',0,NULL),
	('91bce9c2c2b6be747f32cb4b186bb4fc6e4ca53d','3B',0,NULL),
	('080d24b97ff6fa278752abbfc216ff1a019123c3','3B',0,NULL),
	('df91c173bb4fd812b95e448bbc7d688a53e760bd','3B',0,NULL),
	('f1f41baf8c10aafbe97b9b92a023a04269f49876','3B',0,NULL),
	('9506b4c1eb45ec3a9ac5e24c4bc16a9c3c146458','3B',0,NULL),
	('94335409fa1ebe94b066e0419d94bfd8f398519c','3B',0,NULL),
	('652814d99de52d0e233dfd9920dcb71cbc5e2233','3B',0,NULL),
	('1553d15f3a2ae5789527329dbfd191e5079ace14','3B',0,NULL),
	('f58370e6feebec42eb7c7e30400dda5447c974f5','3B',0,NULL),
	('7e891532cecd5eaf40a1064b61bcf5f0f8f538d0','3B',0,NULL),
	('5bffd663f2aa287307e3233d5c33e328f33e0768','3B',0,NULL),
	('dbb1ebceafa8d511451a72614b6d4db65cac0332','3B',0,NULL),
	('4210635c83ea52ec932224b5361db25c7a5dc959','3B',0,NULL),
	('d0833681cdbeb3997484380bb5eaae10df345e97','3B',0,NULL),
	('f46285923d01c0203169844026002f20776fd071','3B',0,NULL),
	('117de8e3529d1f3087707c4469b9ab0e6abd6cab','3B',0,NULL),
	('3995df70daf7c7ef74d7bee1a129cae06bef7457','3B',0,NULL),
	('4b8fd0bc2447eda3b41c88ff953af05c455b7f66','3B',0,NULL),
	('65aeac66f6479caa13858fcb80874d017f1949db','3B',0,NULL),
	('d42e44cbc810564dd05f4e4546d1ff1e14d6adef','3B',0,NULL),
	('92a8ffbf645728f17b742810bc84f0a763cd4d20','3B',0,NULL),
	('f2adba5ef4e6dfcaf924f2a982bbc9fd60a358fd','3B',0,NULL),
	('d4b419a486cb6d22a6ee1beffb59e6ee83f636c6','3B',0,NULL),
	('c4e527569a297fb3ece9d6982d05a7906836e6d2','3B',0,NULL),
	('de57b852b1bd347947f2546460420951a408917a','3B',0,NULL),
	('ffe0975fcf71c0a145d3dd3b2541506f09ba0c82','3R',0,NULL),
	('1badcb61b1b2493ab37b208840f05e73fca20266','3R',0,NULL),
	('ff1080a55d18cbf870d093ecc3c923095bd66163','3R',0,NULL),
	('3bd1be163d032ffd69e47b282aa1059d7467f40f','3R',0,NULL),
	('5ba2be177fdf2254b571cc301301e669461c4a37','3R',0,NULL),
	('5e4e149d2d7712e80a302cb1e5a909561d1592ba','3R',0,NULL),
	('3b79a90cf708376d7406715aaedea2c7ab5441cb','3R',0,NULL),
	('c6a9a1b52b73aad30854245ed72e27e4e3979ac1','3R',0,NULL),
	('d19b9e96cb4b21a476ce746777a9595223fd2513','3R',0,NULL),
	('a9d2bd0c713fc88da983f8ec172057584ba7e270','3R',0,NULL),
	('4422812024b30643a07251b8061de5d49bc7975f','3R',0,NULL),
	('c71b9dcc5d3f0a056d314fcf35f95358d99f38e0','3R',0,NULL),
	('93b1827985ae61c8c14a12328d2883f35fc33422','3R',0,NULL),
	('3b7ebf690f66ba69d7db971bd96f5b2bf354b781','3R',0,NULL),
	('4d36a18c1ab06aebc583ae35d240feb2e4673b9e','3R',0,NULL),
	('f0dfbd62c6915d328dcf26a34417405e05d18331','3R',0,NULL),
	('216a46731cbfa16a199b9d0d55b8929b3f0df0c2','3R',0,NULL),
	('dc57b2fd477466344918efcf20b3907284f45bcd','3R',0,NULL),
	('158bb08dcba397b8967a51f9caf96dbc112ad288','3R',0,NULL),
	('177a919b847963dbc607ff648c01fd5f86f3811d','3R',0,NULL),
	('bbe635e51f20104e27604e83db47646e0c7562eb','3R',0,NULL),
	('c111ce2bdcfaa7dbd33b04c803e73cc3f38bc0d1','3R',0,NULL),
	('3b16192b829c4d0f76cd32a5d36dba41978d145b','3R',0,NULL),
	('06037b99b0ae3d95a454ca077d9fed407571e01e','3R',0,NULL),
	('d09a30ad56691765cb8421ec2132764eae1e3582','3R',0,NULL),
	('017f147ac768b741ddea7eb2b2a99a9d90c2031b','3R',0,NULL),
	('35e661a18eb8b03f898d2a17a735a6a80b86f143','3R',0,NULL),
	('ded77430bf0bb94f7bb1b0b049d1254ae58cd3f9','3R',0,NULL),
	('e40061de8505157119f4688d30a9dd6e984a3de6','3R',0,NULL),
	('a31dbfa62639ed9a8339459dd0734535a2d39828','3R',0,NULL),
	('16b386cff8539c94172f53c2644d9a49cac9f000','3R',0,NULL),
	('b74c692b320d8b036daee8ff4aef414fa3c717bc','3R',0,NULL),
	('670a12d2ce2c8884d2c716198926d3c810c68308','3R',0,NULL),
	('e1b668d6be9ea5f809c3c30354a82d646062cb3a','3R',0,NULL),
	('ea2b35790dbccb525958d80102555f407578713d','3R',0,NULL),
	('afa0d4f5045b27a9dc9b78b91456b233cdecc1d1','3R',0,NULL),
	('c8cdd5e4ade1c2d5312139a27c35e1c2bed4867d','3R',0,NULL),
	('f405aff6b97577795f5a3066a60686be6c2afe4e','3R',0,NULL),
	('979a2329e52aec57b9c6d3a1f3b823bfa0ca8943','3R',0,NULL),
	('93fe5491478b72b48652f620f78ed320192bf8ad','3R',0,NULL),
	('6ac4f04a290d7ff56db5eeb4ebf6a784cbe2fa1c','3R',0,NULL),
	('a5a9cee74ef8bb0a8aed84d2f993e1482bf04afc','3R',0,NULL),
	('836327d36f2c73f5f8dceb7726ce665217808cfd','3R',0,NULL),
	('9f6a42ebdb6b6101f3bdeda0af9586ee2426ce21','3R',0,NULL),
	('ef9aba50b17b31d4a13d9845a2d25173d9dfa6f9','3R',0,NULL),
	('a5b79004e3b598875b9dd2f416b5c8056528a318','3R',0,NULL),
	('647e20249bbacb85f84340f6a71bb4832be257a1','3R',0,NULL),
	('8eb72e6cc60a077bd97a77194ce27ac5d99eb4ae','3R',0,NULL),
	('6b913c8fcc3b5d87c0e46d9ff65e7d3277663b19','3R',0,NULL),
	('aec77029267b57e3a25b97caa496b2c7891101ef','3R',0,NULL),
	('2917964896d2236c11a306e902a7ad669e2efc5a','3R',0,NULL),
	('0eee1130b87c3e713e4dae1283fcd7fdc7d2e9a8','3R',0,NULL),
	('d8db40fbe4ee396bace81e3ca77e15e3e0e1cd85','3R',0,NULL),
	('a19299efaf32b0dc89e1633cadb7d71dc5df3c1e','3R',0,NULL),
	('b1df6805029b543dcdf7f291dec1129d52ed5f73','3R',0,NULL),
	('720a6e7f5fc308103407479439378b4a53fa9af0','3R',0,NULL),
	('4d64733314d250374aa213707de778b8341b0c78','3R',0,NULL),
	('1a277fadfb6d94f4f20de604799b00f57089a1b6','3R',0,NULL),
	('610dfa9b220257d8c536c3ea5b943ff641ed5666','3R',0,NULL),
	('27d087cbf7b95a1290a38b0fda7f43ad0459c498','3R',0,NULL),
	('07c757608a0ccddbbfb444a26a2c2c10f727d01b','3R',0,NULL),
	('7981141ccd6a4cd12d04352e9cb283daa73350cd','3R',0,NULL),
	('67406b730ee1e643d1fa616e7977f3d0449508be','3R',0,NULL),
	('b00ae6bb62065ce2c532fe79a33f9c0f8ee17a83','3R',0,NULL),
	('7f07b189c25c76d1ef00af9522064964edb5a121','3R',0,NULL),
	('24b573830c754deac4a66277b0069f831b7ba5f0','3R',0,NULL),
	('f0a46fb1055fee78b88093d29e98033fa2ec4c1e','3R',0,NULL),
	('33da2d3643546de931ef417c618b282665f84794','3R',0,NULL),
	('dc9c946011edab34084a1c53d034aa4195785df7','3R',0,NULL),
	('0637ad1d339e6d20d428df03ff5541de6f8d9df0','3R',0,NULL),
	('e260d8d0eb4d52f582f20a7dd1d2263f8c2af05b','3R',0,NULL),
	('dcca901cc6d87554a6b3f8df95d35d5aa8f8aa3d','3R',0,NULL),
	('a6bb7838f2415284b2f1bea0b7f6391b7a71011e','3R',0,NULL),
	('75fd60952fe71c549cbd4c2586974f3511dfdf99','3R',0,NULL),
	('b2ee81205858aa4203f8a2cbe4c73512e52c4315','3R',0,NULL),
	('6456bd5ffd2f1aa73e03bcfd83b125db0f8f5616','3R',0,NULL),
	('541f93c1c7e7ec6101809a6c3ace5aecfaf71696','3R',0,NULL),
	('170cb925f803daecf0b93a038db70e4f1b7dd244','3R',0,NULL),
	('900ef4da4636b129eddb30c4ca1254369d58f252','3R',0,NULL),
	('6359921d5a6720321cf9c4fa04d77ffe847e34b8','3R',0,NULL),
	('344a12739457a17d656797b3065aa13d9402f2f5','3R',0,NULL),
	('5dffa499a90221c1a4c40aebf21a63237f10d438','3R',0,NULL),
	('a5429839ba67b758e81f09d6bfbe6981a894672f','3R',0,NULL),
	('80351f4778cf218d59d636bd42cc54378530f349','3R',0,NULL),
	('7eaa89cd2db22066e11526def96df2bd66a5f4de','3R',0,NULL),
	('944e623af164e2f4969431996dddc7ce9ba33e90','3R',0,NULL),
	('dd3673e05ea74ca0ea7261ac7424c725ac73344e','3R',0,NULL),
	('e1c378756cf0fec7c89c6cbd5180384f8adb350c','3R',0,NULL),
	('700e3f79190c8885184f4ce725fe78369807834b','3R',0,NULL),
	('a10f75f1a346e5e479ac06b5230525e520424667','3R',0,NULL),
	('a3de8e1559c49a44b9bf45b43f173e79f2975749','3R',0,NULL),
	('51ca96b79717ecb40ad6f2dc34d60363db5d9663','3R',0,NULL),
	('e6e71f5aa7c5ec991e41c90001f566b2c9c78f47','3R',0,NULL),
	('13eb638927832827136df66609572b360c0a2c2e','3R',0,NULL),
	('9a9df04279b0d88fc18b89ed6e7d0906490b997b','3R',0,NULL),
	('905bf3c0c748d84eaa8d7ae87790dd9fd8186bc2','3R',0,NULL),
	('a857e22eecd0436d575e1f36b9b63a4421ce4f62','3R',0,NULL),
	('0f8a1872604ef97fb024d2526ac8e7ba5bfb1d2c','3R',0,NULL),
	('185cf43c1a8af51b5f80d1ded1a46196dd285135','3R',0,NULL),
	('bcd57f332a9c6191133ab5eeaa67bc6565c99288','3R',0,NULL),
	('b300a4e318e40be332ae27ab50a20646d10f390e','4B',0,NULL),
	('e4e4b1c8c60e0dc17dad9dec4d0aac13e874688b','4B',0,NULL),
	('8d834ff98797ea9a4afed9528ac076076216a9e1','4B',0,NULL),
	('d254e255c42b5f274d8d9da882fd436c4a9e5868','4B',0,NULL),
	('6507fa3160072b35a11971cad02bf3b7da8dfbf9','4B',0,NULL),
	('bc2be98db551fafc6850d39e9a0e77785b819a2a','4B',0,NULL),
	('d5c5786702db87a6971f33e6135ab7c1ddbc80cd','4B',0,NULL),
	('fdc52370bbab067355415a778653e3bee17fd090','4B',0,NULL),
	('6ec0a46b349d27a0753390a801b2f03a4e7fcd56','4B',0,NULL),
	('fa3184892063a2c72425542a7506f775a6eb0c4b','4B',0,NULL),
	('ad7c6d44d7364321123a72a67ddfe58f754dca18','4B',0,NULL),
	('1b7775414ec215e830b3d963fd5eba8a3b6936f9','4B',0,NULL),
	('95c2d78a7a15c9a42bac4f1eab15c98e710946b9','4B',0,NULL),
	('77a7b01870817b91252fbfd736b3efcf5b235593','4B',0,NULL),
	('5a032f4bd4e5ca4a0fcfa6bb6e4b09daedebb8b9','4B',0,NULL),
	('dbe4f185aefbca5ff637c110fca455cfc8ae7157','4B',0,NULL),
	('2b99b861f531153c418f7f3c271e29a646113f3c','4B',0,NULL),
	('a5e2211adf72ec61db9c3fd9bd581080eab736b7','4B',0,NULL),
	('568d2dd4b153681be0fb5674ff21614a371a4d0a','4B',0,NULL),
	('517f91247ba843db92bfc1382fd28921f8642864','4B',0,NULL),
	('aa8cfbc4ce52ede232f0005a2e0eb826ed66aff2','4B',0,NULL),
	('89a22095a56584192ee66739fe3265955ba93682','4B',0,NULL),
	('d8a1f6f75addfb0963ac4bc5288ead89d62b0528','4B',0,NULL),
	('b521161435567eb2d0188ffdc5e8ab1fdb8c9cdc','4B',0,NULL),
	('8b2ea4bf0fa062a1b9a5d5d01cf2993bcc754e00','4B',0,NULL),
	('d3d8d443c43741f6ae8b006b80f99345507b08fe','4B',0,NULL),
	('f5ef57583ca64908fb0e8515e9ea2b7818d52438','4B',0,NULL),
	('9e8f3f297c818169e4b7eb6ff4042d5be29de917','4B',0,NULL),
	('e027c1601c7b07bb7ff97a42fe9647140859a12c','4B',0,NULL),
	('c54286000503ccc2cbe4431c08c858e0bae61af4','4B',0,NULL),
	('3ac531c0063685cee2fce6c54930466b852987a1','4B',0,NULL),
	('f3be16ea4a277734688c8ec523af23b88079cf15','4B',0,NULL),
	('90479a42a89df5dc05753ce3bf2aea7e2a3bdd1c','4B',0,NULL),
	('da432024e4d8c5aecf69fa324a0b9605ae76bee3','4B',0,NULL),
	('2150c610f5bcf9a5eb60b7c42b24f1ab2225e031','4B',0,NULL),
	('812e7af88f5c6a1d45978ec55023900c0aea6928','4B',0,NULL),
	('bf20e7cb5b05fd1521cbe4462c7b39732812c93c','4B',0,NULL),
	('5db300a78d2b6b4fb47c5d495de76da4ff048355','4B',0,NULL),
	('5ddc7f0087a209b55302f2afda645541671b2db7','4B',0,NULL),
	('cb31d87fd1ba3d012015fa773d1dae05e5c71c27','4B',0,NULL),
	('5d728e0608ce1a55ed37f01465d5a872a172e831','4B',0,NULL),
	('b25f34d22a7e5e78fa6fde8752e44415b1954d11','4B',0,NULL),
	('06ffb2138ce8e17fc135b0a0c1485dca2e260271','4B',0,NULL),
	('5dd2e9e655e85fd2bb214c286e472873d3633302','4B',0,NULL),
	('c863290526247e735c878e3b494945e1b3a2d8b2','4B',0,NULL),
	('15c5fafcb533a9be0b2d663891229c3813df5626','4B',0,NULL),
	('1a4025d0dfe9feb77784d6f34a1a48697a094a13','4B',0,NULL),
	('e369e4fa5a87dbac0a23ba9633c7b9bfdd65fc8a','4B',0,NULL),
	('12e22d27681e1c1c862d490ffd044c99b079f107','4B',0,NULL),
	('67f88a9bed66cbf1f743f1aa3c392a07a1f75aa9','4B',0,NULL),
	('1cd53aebad9d64bc577c8d9bae8e1644abe94a75','4B',0,NULL),
	('e29e4428123653d4923b108655364ce278ba3a97','4B',0,NULL),
	('ced69083ede93d9fb887a2967b1617206ab5df9d','4B',0,NULL),
	('170d74da369668fa873303912eccca0582e97398','4B',0,NULL),
	('19996ec0bb3bc8a288d00ddbbac721d660efc9c9','4B',0,NULL),
	('8ec5354b9a390d52c62f25cd8970fd98c904eb47','4B',0,NULL),
	('ad3d05c1774c687137011bb9d41abefd1b3664e4','4B',0,NULL),
	('1fba2a805a6daf8fd1e72641f9df2db6dbf387ac','4B',0,NULL),
	('b430866b49e7fe91fe37bfa688dfb90b72679a51','4B',0,NULL),
	('330eb5b8915846f505fea251a31363f0b9e1d812','4B',0,NULL),
	('6363b6ce99356f6b406d6f163da0308c43e92780','4B',0,NULL),
	('75fc79c6fd524041faab631dfbdcae1b363f5f0f','4B',0,NULL),
	('2d117cefe5bd1b82c0a380cbe0bd2995dbc1c573','4B',0,NULL),
	('f2420156062fe3211a6f19b2c6eefc1f9d2e51a8','4B',0,NULL),
	('7ac9fed3569b5993535412cb803d70e92c93c7e2','4B',0,NULL),
	('e8524a5ce9515099c50d47ded71a54c55d3fa419','4B',0,NULL),
	('b226737b96eafb5e81c6e69cf3221c4cbd910af9','4B',0,NULL),
	('1ab7b739adfdacbca84bae1a93337426b845d4a0','4B',0,NULL),
	('72b7312a76c22b02b4190ba2a97bdd3d8617907c','4B',0,NULL),
	('dabbf5b37e61d3a235d8a44664df60fd4d66c4d5','4B',0,NULL),
	('5d5adb909cafc1a66cdb4791a948c04511244cdf','4B',0,NULL),
	('446195f6d2f4c66cc11e7ddc7359782db11252c1','4B',0,NULL),
	('b845ef0678076dbc88883bccce4b3178a6fae1d8','4B',0,NULL),
	('3d2c20fc2a5b4e800d70be4a574fbc9eac2d49d1','4B',0,NULL),
	('fb5555ce8067749dab5f574f9bebbdf7c37850a0','4B',0,NULL),
	('edf776c7103e3d63d97b34f64a0a846e1f0c165b','4B',0,NULL),
	('aad73cf743c02889e24cf5d441e3385670b4b5e3','4B',0,NULL),
	('b795d5150be2f5f6c19f31b4d6a5bff1cc9150df','4B',0,NULL),
	('666cd86a86de3b6c440f9d087810dbb1cf88170d','4B',0,NULL),
	('c207806399bcbf8ce9b06db658bbdb1e308e072d','4B',0,NULL),
	('c3140fdb00cda7fa79ddc45f781e4a895b020e2f','4B',0,NULL),
	('b7544a76babfc999b7f7548484df55ece35db179','4B',0,NULL),
	('bb887f335e4986b9962afd52868719da82751f50','4B',0,NULL),
	('a9e143047691d0cdaef6ec0b2ea8933cc014cb0d','4B',0,NULL),
	('dbb6d2f73c459af55b8027ca32e52d703c8070e9','4B',0,NULL),
	('a196204d23e2687cd3eb6bb93dabc8626739033c','4B',0,NULL),
	('ba3407329ccc35aadae98f093217040e99d8fa45','4B',0,NULL),
	('b634510e2f76de6c44ae26165fd603237c13be6c','4B',0,NULL),
	('641ca151f52cd5fcf3f9e1ddd26bd0163696768d','4B',0,NULL),
	('5585128c53219968378fa836abb5a2f694950dff','4B',0,NULL),
	('4fdc88911f1fce1206a5556afd61db45aac2396c','4B',0,NULL),
	('ef38b69bf2fbc82660dbb2f7b949ebf5c76d74ec','4B',0,NULL),
	('27ef0d7eec2f1f63314a87b0d44c00a00169472b','4B',0,NULL),
	('7c91844e808e7a6334cc2accd8b4771b6142e280','4B',0,NULL),
	('55700414aeb7afea266786dd933dccb874592e3b','4B',0,NULL),
	('f20011e679be4db25682302a9f4d43af6628d891','4B',0,NULL),
	('aac0dbdfcd5952606c94f8a690d39f2c662720d9','4B',0,NULL),
	('a7e66769320be77292554db9c6a0a9f05a6fa1e6','4B',0,NULL),
	('451b9b2f206d302482af9d282efa9e00b2fc75ea','4B',0,NULL),
	('f8fa878018a420a13274816c775b9bf48b60e17f','4B',0,NULL),
	('8dc7f16f04ea37309d9fdd77f7e6b16ec14933a6','4R',0,NULL),
	('5b611dcc5a4095228705225b30ff55e55a386b47','4R',0,NULL),
	('bc8946e6e9be7f659849a187c970830f72bc35b3','4R',0,NULL),
	('3b509b33427d56c843d1a1dfd46fee73ccb9ec48','4R',0,NULL),
	('11e45a7a634787565959a00228d5943dd138e70e','4R',0,NULL),
	('bd377e6753a14cd216e57b477e5c3cf0b306fb40','4R',0,NULL),
	('c63b97494097a26530493fb30da3f21c39ac8592','4R',0,NULL),
	('60c918eb9c92c58d287f565ffa6d6a6d2509f4dc','4R',0,NULL),
	('a00627c3cb9611c1b213b895255d5be9b6f1f99e','4R',0,NULL),
	('e96cf920197c8e9dac5f32ffed89ccfca9759a0a','4R',0,NULL),
	('a27fabab6c6befddb638315bb80fd7171bcc7a53','4R',0,NULL),
	('e254ffd5c41c095ff9a2ec9c7c20677570fa08db','4R',0,NULL),
	('935003d054a4199e79e12ca9cb3ec7c488f28ff1','4R',0,NULL),
	('04506efea97736deb7f4d6d9179e2227230a4b34','4R',0,NULL),
	('97e3710f80bfe7b6119fb85c4fa2d69f1cfed95a','4R',0,NULL),
	('8f6debd49186a5d74d9ee0740ebb406527e2838b','4R',0,NULL),
	('8c45e590a30fc4f520fdcdf589e7f3252d2da6ce','4R',0,NULL),
	('9fc6b6f4230ff06edf27b93726cb8c9aa6b1d49b','4R',0,NULL),
	('78214d251bb200009a271d5a4575a6ba0107526b','4R',0,NULL),
	('f5adb526bad77ca5e46b7da354a79a3afa8968ee','4R',0,NULL),
	('6fc25be08e77f9495bd66a6019e6b92bd0066033','4R',0,NULL),
	('185778e79c8f6c9c25ba1f04f3d1f424654a69f9','4R',0,NULL),
	('ec69641d7c36f68c0ec9b956ad8e93fbe6f09009','4R',0,NULL),
	('03bc2547c7721f6c016b94e8c618398f5b32cc10','4R',0,NULL),
	('7199e8a0df680b97a09d3026b5a03665ff931ade','4R',0,NULL),
	('1d2db9df95521eeb359507cee51fbf52114eb737','4R',0,NULL),
	('30d90f34e4d34547ea92ac878f180d8334cbeee2','4R',0,NULL),
	('0634471b12f8551efb4896b2df0653b88bcb027f','4R',0,NULL),
	('6e731fd8369bb16891560eb6d237f2a2a6d16431','4R',0,NULL),
	('175931c92dd0aa611bdeb678679654f1565f0dbd','4R',0,NULL),
	('ef6f61e5bbe2abfdb4dcfed4b6124afe118b72ec','4R',0,NULL),
	('28bcf0eff8c7931f383fe5022e4251a5f8f2b69c','4R',0,NULL),
	('b6b71197ab43053808520176c9361e9cf255f5ea','4R',0,NULL),
	('82f2171eb9a49a3889ad23818cd3b5fe41d8cc91','4R',0,NULL),
	('6df7ccaebb2272e90c9cfbfb257ed8ef3101bc65','4R',0,NULL),
	('c28175c19d12c9fc44046157a5524f71e292b8e9','4R',0,NULL),
	('eeabcef1bc70588d3293f3f35045d9272440ccae','4R',0,NULL),
	('14c2d0301679b56823def3dfb3fdf6c1176f00ac','4R',0,NULL),
	('83f4eab12f8f6deba96a5963c18b23c3aa384e6f','4R',0,NULL),
	('7bd2cce06ffc5d4d3bc594bad7747d14be17544a','4R',0,NULL),
	('8212ad4d38c8ab4b5fd4fdcd1aae12631c552e58','4R',0,NULL),
	('5fa03a5da39d43eae3942626577fdec8da12eeba','4R',0,NULL),
	('c59bc39adbc2f19ba32ff2f3da0a151c717ff342','4R',0,NULL),
	('b5ff14ce37996465158aef6aa26d3ec01727561f','4R',0,NULL),
	('1cac87d88854aad4df1e19de337878bfc5c6cf4c','4R',0,NULL),
	('5de07345f51182b78d117897cb06d5169c4174c9','4R',0,NULL),
	('a89fbb0a003cdb8a3bf92f3128deeb0f2d268b56','4R',0,NULL),
	('21144ff8ff1f03dd9d30519e50700eb63a496606','4R',0,NULL),
	('35dae55f94fe093d574f9a35d922b86ade0d7aab','4R',0,NULL),
	('bea92c88ed5bf48fe99f377411f20682f696c797','4R',0,NULL),
	('7a9a4d6d3ae72699928d10473914b72f688e2ccc','4R',0,NULL),
	('7d97c5052fc37768a03713365cbecb80b72a4710','4R',0,NULL),
	('534537a1e053ae70c9da83d25080ff77f06c718c','4R',0,NULL),
	('908a9002d67d3fb731c64a7edec8856a981f695f','4R',0,NULL),
	('204e18d41878912ea9951f905a74e669015a12d1','4R',0,NULL),
	('6d6f34385b9d65504abe67bbedcfd2e37699394c','4R',0,NULL),
	('a13bb3f73ac7f0d7a30873b4bd9acec88a0bf0ac','4R',0,NULL),
	('9f1a7f6a7d0db4f3404cec29904934acc7d5c93b','4R',0,NULL),
	('1a96edcf36c4338badb365efeb0eb4e55f7a0452','4R',0,NULL),
	('e95223b992057eb1bf9d533691700a3bb6760674','4R',0,NULL),
	('741993b4a777f9768dce1d91bc8d0582e1f4e912','4R',0,NULL),
	('b6240d8523c648303e8bc36bb46c429ddb1a3bfd','4R',0,NULL),
	('d12a1cd5b7f3d5163f4caddb17eb760413c0dc76','4R',0,NULL),
	('7c7e87a2a6cfd7582f728033e938634669a91da2','4R',0,NULL),
	('839627179d741202a3898e2bb141ecccb3a40cc0','4R',0,NULL),
	('a30faa69ec0aa6ca33fb4cee4d6d6debe8348617','4R',0,NULL),
	('b70c33c6e5c3de54e66e33b029402b6e3c2deb8c','4R',0,NULL),
	('1654445140a9ac29023506979894eee9cae1542f','4R',0,NULL),
	('ca91978245dbff8f2dcb2ad6d3b62bf5f561d52f','4R',0,NULL),
	('5f2a9b709f9d88fae8526a7e6db9ab5144c774da','4R',0,NULL),
	('e6a2a4f0ad3ea7c53d286d5daa71e0db6af8b8ed','4R',0,NULL),
	('14a00015931890ad806f4a7a04c9650c75da4584','4R',0,NULL),
	('1b3cc743cbe865d2ad069c227fe7f0bce752586a','4R',0,NULL),
	('c8174bd151ecb61a53878dad4077564e47ab7049','4R',0,NULL),
	('25284f89f53c69dd9e844679c061c0204d04ff52','4R',0,NULL),
	('ec51157010e030ccd5d2a7cd864b8f91f1d57c24','4R',0,NULL),
	('83cd3b5174e3a0d7f8f1fd93314bfb6db8f60c37','4R',0,NULL),
	('d248bb19ab2b8730c75150231bb1f3b725e0d8eb','4R',0,NULL),
	('6f41a9262cb14753b129eb44aff6be493926ed8b','4R',0,NULL),
	('0f2db5d55e7597f98b366cceec2b33667c3e519c','4R',0,NULL),
	('625c865b3e628ae1c9be287d0b67096aed9997d5','4R',0,NULL),
	('fc9105b42bc57621ba44ef3c13bce18dc8cd0e41','4R',0,NULL),
	('be484dabb19f020caaabb107335d4d1d5a66fc71','4R',0,NULL),
	('e961357ad584d5863813752370af33443c20824c','4R',0,NULL),
	('8cded335f778052a81ffac0d111c80b42539ccc3','4R',0,NULL),
	('c37b496ef0b680876b8ab2cd1f164d629f98a951','4R',0,NULL),
	('f2441e3deb5a463c23524a86d2113a63f0fff4f5','4R',0,NULL),
	('69838cc484a2944a9ae351150c08f31d77007b74','4R',0,NULL),
	('a7248bd6f7d6abe22295fb64ba26b48df9f7370e','4R',0,NULL),
	('4940c940ce0cd43c8cfc27b7e2b04a206301877f','4R',0,NULL),
	('2940d55f78519f4b5f4780bf3eee698dc6af28e8','4R',0,NULL),
	('3aaad348f3e1b34d0c9650e731be7775af3108c9','4R',0,NULL),
	('e95415b52901b75ba5e76d3dcac881bdb51f7198','4R',0,NULL),
	('296ec8cca1d896604caa6e84b23268386fd6ba94','4R',0,NULL),
	('33c010b10db218be332094a6d05915bb42a8ae90','4R',0,NULL),
	('895d40b391c15efc4efd98db7e15462d337ad168','4R',0,NULL),
	('7d6cb30e3cbdbc28b3b7a250e48b50b3bdd6c8e1','4R',0,NULL),
	('9b21613622ac15e40f34411fc4a807b40da06c0d','4R',0,NULL),
	('17be87918b42cc29d8a3027da5357bbec72b7462','4R',0,NULL),
	('48db47ea948cfecaf28d3e6bbaafe6dc61023819','4R',0,NULL),
	('15302e771c3e6d273ed5151babbcf50eb2d77738','5B',0,NULL),
	('318eca1b8890f6f6696c7ec83ce7cbaafdf53c1d','5B',0,NULL),
	('893fb13213500e50b1362455216208692b7bef68','5B',0,NULL),
	('842083053fadc426b9bf8597faf07409fdb238ef','5B',0,NULL),
	('ddf9b3848485b23be49f6fcbbb665a91863461a3','5B',0,NULL),
	('ace1b9551aae2cd779f7c633717d22f9d0356aa9','5B',0,NULL),
	('748f3099878bb4e9cc72c376b8f3ae404dafab18','5B',0,NULL),
	('cab807a4d44fb0209608ecee76bfe1ac5d022a29','5B',0,NULL),
	('5cd3f4c133dba98ed18fcd08c89bc4f284b246e9','5B',0,NULL),
	('3b4bc445b2e66f0bbd557318fed7e95008013c88','5B',0,NULL),
	('c503fe3a15b4b4c4a5a46a84b6f790454ef6634d','5B',0,NULL),
	('d2910472aa542eeff631f07ae45fff9edaf2cfe0','5B',0,NULL),
	('9667475c750fb67361f828a511c4208f8ca1ca27','5B',0,NULL),
	('6cf02ea34a1b3307e35084b8abe9cc989163380e','5B',0,NULL),
	('e2ce23ff5799e4d61d3310287b33dbf88d792a94','5B',0,NULL),
	('f319f9334aedd0c4faef223631da469f4a31f9ee','5B',0,NULL),
	('5579665dae75f5a21d7f0710c69ed5de978c8495','5B',0,NULL),
	('d3a387487a81e331bb21b0ff3114976dfb390a52','5B',0,NULL),
	('6531866788cd8249796c0af3e9088bf8bb4ec2dd','5B',0,NULL),
	('9af922b4fbb7c712ac62e1fdf2102f8650db9205','5B',0,NULL),
	('c71735531490a31c8d6bfcaed37aff7325a6603e','5B',0,NULL),
	('f1f725d104f9894346a4f0df3a3f0761c1642980','5B',0,NULL),
	('6bb979a9d57526fc6b090ff2088cb0d69798c1cb','5B',0,NULL),
	('3685bc58ddc26dee252e5a0b13ddca0b6e4feb09','5B',0,NULL),
	('dbc889fb0ea0b89c001e1b1b8a79b80e9c2adb0d','5B',0,NULL),
	('72f91f96b94344bc172ae5c8fc8ef56338d1655c','5B',0,NULL),
	('7a9026a0ab4fdce30fad3f7a040aef1870c192ea','5B',0,NULL),
	('423b08d51f5bf80d18c6b7bca9d72cb2c386293a','5B',0,NULL),
	('ba8dd74bf5252067c00479678bd85d503f55102f','5B',0,NULL),
	('77210a13084444200dd3983f492d4f02d0099612','5B',0,NULL),
	('abaccd935378001676b211a43079f95ea5215139','5B',0,NULL),
	('eb276c8d3df4748512d3a224c344dab12b7bd5c2','5B',0,NULL),
	('9b779f51034d20f31bf7d97c9c30e9030ae2922d','5B',0,NULL),
	('184d7dd9338f5b0124c85c89a94b062d7a2d47d6','5B',0,NULL),
	('f2a9951aed5269cbc336a1bd3ff23f6c211ed60d','5B',0,NULL),
	('4f204fbfb2a0137c6eff9e57b0897901ecbc6691','5B',0,NULL),
	('5723c1c0e1732fcecfa16831df3af11a292737a4','5B',0,NULL),
	('38a40787edb82d272093bc4c2e74ac3223d92a34','5B',0,NULL),
	('3b0daee61f79059a7ba2f1e027bc0e5c9dc10f31','5B',0,NULL),
	('55df48cc4dee9a95cbb2fdba1f17d672f1861871','5B',0,NULL),
	('7e27d6977e1fe5189c4676752caa3d2aac0c693b','5B',0,NULL),
	('450a75776655473fbe2832ceb1933c76fdffcc63','5B',0,NULL),
	('85bb55af10f916f07b31edb15869515b096c96c1','5B',0,NULL),
	('38d28e204df79d4ddc3b3c48961abe967c15df5e','5B',0,NULL),
	('3e3e72b5d40f76aaa5021d0a2f9b9333fec4ccce','5B',0,NULL),
	('bcfa6da860b5b6edcbebba59cfa13dd406b80908','5B',0,NULL),
	('6cb9dcce585034008f33b671bb9764830462136f','5B',0,NULL),
	('b20512222d07cecea89558abd194f730482a4bc3','5B',0,NULL),
	('10d14dcec77d140d243f3f1d42f0cd5fd569e8da','5B',0,NULL),
	('def4933fcb583a9812d69e1a2019545b70754b35','5B',0,NULL),
	('19c96039c4ca2f03b4437dfa9125af7578f64394','5B',0,NULL),
	('8d8b075fb161a570b1e0864e3c7cfd8b62a7173d','5B',0,NULL),
	('ece3077af764ae060379fafd8642af020a6576c9','5B',0,NULL),
	('6332ef083da4e6457c01ff05f4035244bbf14da7','5B',0,NULL),
	('7e19b74d5d15780f3db8c268028aae8994ebf708','5B',0,NULL),
	('96cd7db616626ef69e385d6588ed7d9ac68c3e38','5B',0,NULL),
	('32250fa342b6e5577c105e60a014104140fb1583','5B',0,NULL),
	('c9c698d24b5fdbfb3f8b37d922b4a66759c2df2f','5B',0,NULL),
	('bd9a8ccc809cffb254049505e40e54eb1ed6d68b','5B',0,NULL),
	('98bbb63ec4bf1a2f2f6b440ca325ca0cbbf57b0e','5B',0,NULL),
	('bf901177978e3101f954e1f17485be97af6f0835','5B',0,NULL),
	('0a706046812d517fcddd36463890a9bf30a5e802','5B',0,NULL),
	('81f5ab5f307fc6a16bf5a04dcf8f4aab49a7a135','5B',0,NULL),
	('3fb7b159567348fa46276c427a1d0dbab633ac24','5B',0,NULL),
	('5cc8d1900fae01c4afa242ab285f5f402efe427f','5B',0,NULL),
	('22d225390bfe739671ed91b569e1afdfebc15d03','5B',0,NULL),
	('802569327a0c3adcda44d0044d3f21e2825c2185','5B',0,NULL),
	('2c9a334c04d55913fa89086c467c4e2f1fa36d36','5B',0,NULL),
	('59f3c3e9481b290dc28b202997f2d0ed771c1598','5B',0,NULL),
	('30e006ec404f3be308fecb17399035e89ab8aa86','5B',0,NULL),
	('d722bae1a64ea04e9cbe2abd61e3c9d0e170d271','5B',0,NULL),
	('a3629ae6d37217185423887135346066c636419f','5B',0,NULL),
	('0ea9a41e013efa0ad21481f23685f0631cfa3eda','5B',0,NULL),
	('4f222605d68ef46632ee0ac804e72bfab322d50c','5B',0,NULL),
	('66d688373f2bb0ae72186c7a8655c945b14af033','5B',0,NULL),
	('aeb5e66f6db86f033dc20c9f489bb8213fc5e966','5B',0,NULL),
	('4c99adb3823f97fd02ac89b04df50d55df1074b7','5B',0,NULL),
	('b88bec37e8ac052f27eece7ed1f14750450e6bee','5B',0,NULL),
	('0e40e2810bc57540eb94641c8fbba1a9185f0227','5B',0,NULL),
	('9bd42d25e7f37ff44d8f9df030dad1652e7dde9d','5B',0,NULL),
	('8e8576ec00e18e3e716432365f67967939816879','5B',0,NULL),
	('7aad5022f1579bceb43ece9711ea364bfad25d05','5B',0,NULL),
	('1325d647eddf9c43e1ca99f1637449b15c2cc10d','5B',0,NULL),
	('8cc529d9e9a4e8b8c0b320ee956df779d8abd870','5B',0,NULL),
	('8ab7996ddb83575c38b8f1dbe870d5e19fa58313','5B',0,NULL),
	('79210a7c84c1dc150595cb1bedc7bb2a8b387372','5B',0,NULL),
	('e6a803d2e101621b71f492da3cce6b01ee87b430','5B',0,NULL),
	('f01506dd9ca112cdb3eb0e26565bf537a6608d0d','5B',0,NULL),
	('dcffbc0048dd9f8130f84994fd3583747d8e5de6','5B',0,NULL),
	('61943ab7f0309ba72adb4a568b5e99467a5046b9','5B',0,NULL),
	('6f6200b25ffe61114ab65f46f0f06dcc3f2c5255','5B',0,NULL),
	('de7f757806797d65d845e48b50cb0adfae25ab1b','5B',0,NULL),
	('76e17246494d1a0670fe3fba9d4d7bbe11cb3cb8','5B',0,NULL),
	('678599c5bb1cdf8276f8dbee52212eac320bc6ae','5B',0,NULL),
	('9fea149f51f305447541adf551b8aff1d426a0ff','5B',0,NULL),
	('a87a626713fb166c9fb4a4cf91d662ab4595fe05','5B',0,NULL),
	('bc2e1aaaf9abc1f7053f68b213658f9050f52cd8','5B',0,NULL),
	('4afda4d74290c8a1e1be2496d4b90e0570958e2f','5B',0,NULL),
	('e821a8327a261f230bc217c794893efd4c3ea59b','5B',0,NULL),
	('1d0feadcd9698ae1afb2774efa7146fe601f93c5','5B',0,NULL),
	('b7214da1503fd8310309af5cf92bc78e6dc02d71','5R',0,NULL),
	('77e89978ca4a88709d05c45a2f739e1b7938cda9','5R',0,NULL),
	('e271787476d1ac9ac9ea999dcbcd76e360487bd8','5R',0,NULL),
	('24019efd0b0ac41b4512a6773e68a9a9ad194936','5R',0,NULL),
	('00c5a2d9f656fec63cf22127d54100ae0a9929f2','5R',0,NULL),
	('958e4b3e28975c62da04f12d0172ad8de2eb9fe6','5R',0,NULL),
	('465f509666c5488d1f69d6f7a19da70cd09982dd','5R',0,NULL),
	('1f07b37cd75a421d823b703333519d0df62ed18f','5R',0,NULL),
	('8a119fb5ecb3a1c4d9f03e03cc8970915c09f158','5R',0,NULL),
	('764eeac4088a5b492127a119db3301c312614ab5','5R',0,NULL),
	('52530659f46b3544bb11daf87ba3315666f47ad0','5R',0,NULL),
	('68032687f265f35d645f2ecbb10614a11bdd5283','5R',0,NULL),
	('a715988fc5b597a3d6220e76eb8dc0793aa118ca','5R',0,NULL),
	('6de61d0deb18296097a769d21e97f74939a330ee','5R',0,NULL),
	('3f4ecf8cf4a7fa9e6780024c2eac3bcfe36caf42','5R',0,NULL),
	('bae16849459f255c22a4fcf8955c88e68232944f','5R',0,NULL),
	('b2fda119f66e409b88f7c5b3e9b36ddd49200ca0','5R',0,NULL),
	('c93622f709a7c6a68feb6798e9ce169af5548184','5R',0,NULL),
	('ddd34cb45a70824be743e1b971801e64905d353b','5R',0,NULL),
	('eb7f142750d01c8fcf4c69f2cb889dd10580e7ff','5R',0,NULL),
	('83579aab248eb566b52a3c2e231414b394756f78','5R',0,NULL),
	('ed6983daa2ac249a9674a62b7e32eb4744f70d0a','5R',0,NULL),
	('50ecbaf81f1c4ea24bee1ce9a20aeb70bff2cc5b','5R',0,NULL),
	('b19fa6d09f1b92432792884aa88682a35d3d7eb2','5R',0,NULL),
	('64319dcb970f6cc6c48ecf0e802a9a69ac29d2cf','5R',0,NULL),
	('ea3d5eee82ff5a3d16af9510e8c4b9d6c914b8bf','5R',0,NULL),
	('d6c0af3e893016e7e53a53e4eac07a4347d82d39','5R',0,NULL),
	('96a645a696ade19f3b3283f87893ddd3fd9a8262','5R',0,NULL),
	('5fa7fb6cc762f5f5d673faaade7da4a89dbc85b8','5R',0,NULL),
	('01d9c7f76033a0a5f1b5a2eeae782cc634d2e9f4','5R',0,NULL),
	('4716e413ff427d026eda5a0741378404be102211','5R',0,NULL),
	('670015a535828108f830aceff9d3bd0f260c5216','5R',0,NULL),
	('8af84efb665f66781c1bd1df0c7fdf6e9fb8632c','5R',0,NULL),
	('41e15236f9f8944eb4f52f88884cf167a236c731','5R',0,NULL),
	('f56c22a8b137953447848545900331637422f58f','5R',0,NULL),
	('60d6ec9bff3e53bb2e88bc8af86e8fe5e9fbe901','5R',0,NULL),
	('5c920bf3d3e58626fcfa3d638b5aee26f1f49236','5R',0,NULL),
	('95589d42d10374a9be849ca8ae06409484179efc','5R',0,NULL),
	('44a0cbaada1743ccafa2852c14ebff219b29e6b3','5R',0,NULL),
	('7ff46232957883c39fd64f6d68d2be780645a8bb','5R',0,NULL),
	('85c465d1cfc1e8fd0e5ec5edc9e4e20c26d31ef0','5R',0,NULL),
	('b52ef80aae78fe48ab2863f5110827653215f75b','5R',0,NULL),
	('df0a49a72d573be093113437cd57b2c399ed2964','5R',0,NULL),
	('a94053d7b2b7dc9f8f6f7f0e3db53a11359a30f7','5R',0,NULL),
	('31b9b596f3a731f9895d6b8d334de28b35a756ec','5R',0,NULL),
	('8db60efbdf428902f30365839a60f918e4f19d91','5R',0,NULL),
	('2dd9edef29564909b3d369f4749f5c20a7d86b97','5R',0,NULL),
	('d5519689ed233d207282b0b7b8bb6d8adea7b8a3','5R',0,NULL),
	('4bfb9a29529d8195232ff554caea6143d92f2eaa','5R',0,NULL),
	('36b0a6351de36c6e6d749017910544f2bf851cbf','5R',0,NULL),
	('4cd57df38a7677070822c8763d8dda771ab5f360','5R',0,NULL),
	('1eb43326bd94242ea522a338734bdf3a3a1a89d5','5R',0,NULL),
	('348d711ebe228eef9d3f637ae32b3e4a9721b603','5R',0,NULL),
	('54ee13ffc10121aef47b128ee2f4eedf30d9e3b5','5R',0,NULL),
	('677316ab18acb6a003908b36b6ba0f1cda93bf82','5R',0,NULL),
	('ec387c2c78a5b84cb6baf12aee8426c6059bec9c','5R',0,NULL),
	('87a56c026acd7bb58ef058788ce19eba3c127dc9','5R',0,NULL),
	('fefdc27067da0ca66f6117deabb8136c514718be','5R',0,NULL),
	('2afcffeb3a2c92f9688281069c37b2d93000f2a9','5R',0,NULL),
	('3e2917202706845d4960046fba1ce6c00c7b8b62','5R',0,NULL),
	('4555ac6d2ad4f62dd04d45216b4a993030e827cd','5R',0,NULL),
	('7ecc3d82c4430aab957349257565ed4b5f598c3f','5R',0,NULL),
	('7dc7cbf468d8e8876438fbec3d17e370b0c350b2','5R',0,NULL),
	('9b2664d09392a82c7a8565574ab99ef7df360013','5R',0,NULL),
	('b8aefed4fc7f810c42db084bd12133ec303c87c0','5R',0,NULL),
	('010381f58e334ca31e3bc4491c6f061d264baee6','5R',0,NULL),
	('574c137c560e3aa8fd8890bf89826772abec44bb','5R',0,NULL),
	('d449cb14e2862fe3e3f19fab6048c8cf41da49ef','5R',0,NULL),
	('7a9c7e43c7a367eb11d9ee51d690ac1cabd9c288','5R',0,NULL),
	('099dbc6c82bc93a39e4f8ef3d01ad20c46761b18','5R',0,NULL),
	('802be902a0ba2e665c655514c155804235428a5b','5R',0,NULL),
	('e6d1494ccc3f795c7e00712aef9d2d92e6f48737','5R',0,NULL),
	('8e1a80a0855b81f59d4983b7f9968386b4323ec3','5R',0,NULL),
	('f9179904b62060857b271cb5adc7796b9c1b8541','5R',0,NULL),
	('3a80b7b98a0ae35b39320d30b787d29494cc29ca','5R',0,NULL),
	('017b0f40bb4dad921e8f6ec3567791b1dda2cb19','5R',0,NULL),
	('19f6a80c9ad0acc38dc1e3626f1d76821f08f3c0','5R',0,NULL),
	('affc3284920a04c719a2f79c50d8088cc60afc4f','5R',0,NULL),
	('df60ec865749b52ef74c4b26ede867ae7fa56a54','5R',0,NULL),
	('c9d96ffa83aa853a4deca279d75fabeef6d75fc6','5R',0,NULL),
	('48975279fe5480853b30db5ade7605a8fd217373','5R',0,NULL),
	('3030c141b34dbd1f40639c189ea02e00091662ea','5R',0,NULL),
	('bc5033dc990a0b5780047aceea7cd8e3f7e6db3c','5R',0,NULL),
	('ffaca89bc5f815d1744ee780475f09ff8f904eac','5R',0,NULL),
	('a65e35ba83fec585a0f46119c5a4c552d33175a9','5R',0,NULL),
	('db8556ed5d6f8f9c571514e3101076eb77c14921','5R',0,NULL),
	('6caa5ceba09d823fa2f6f1544bf6b5cdf8ecd4fe','5R',0,NULL),
	('391f4394f1e21b67e6ddb41c0b4dc8ae71f2efc7','5R',0,NULL),
	('a23b16a1bc97ee6c42fdf3179596b4743cbc0b25','5R',0,NULL),
	('f07ab49a21cde14e7fc130dc3bd05d72dd21acdc','5R',0,NULL),
	('9de152978da066dae5c68bcf542b0d0da47fae26','5R',0,NULL),
	('cbf4b0dd16f1ac9bcf58f44480677e20bb62b4c6','5R',0,NULL),
	('4194a0758b67558b41fa73b2bc26edb975c046bd','5R',0,NULL),
	('14e9b505b8e418a3d678e8e7eb4b5073e797f883','5R',0,NULL),
	('baefb7f09dab1d8e620e3ca0c0b38c863c17b1f4','5R',0,NULL),
	('50a589d70eacf5a92335be9bab89e61cc986dc37','5R',0,NULL),
	('f993e002e7cf89f4bad110736b404693eb980977','5R',0,NULL),
	('b3f4aaa69a7ea796c208f7e88d0eb41f7fc25afa','5R',0,NULL),
	('d575de18acbecca17d6cbb2bd4fd8c5879b8ea06','5R',0,NULL),
	('de103fcee97c7c9ce1e105f4c7307d724e642bd0','5R',0,NULL),
	('f8a6c49d09680ff02fe047bc2bcb21bfbb6b4139','6B',0,NULL),
	('49a9b17d7d491c4d8d48741d51a24f475aadb6e0','6B',0,NULL),
	('5da3457291b688e2d33c1a199bf2afc865147155','6B',0,NULL),
	('5f68c907eef1c5d56b5d03ec8f2a6dcb155f2f79','6B',0,NULL),
	('d83952fb681425d48d9d6414b2ff222f83a1b3c8','6B',0,NULL),
	('655f1cef4fa67911174a122750b480f380d1c102','6B',0,NULL),
	('ae905a68f24611ccd8fefab44a88b8890f6f7386','6B',0,NULL),
	('f20a764d416bdf21cd50f03caafc3a7836dfbdf5','6B',0,NULL),
	('8a00e7f11682d2583b29302aeb04d0bb7d7f35c2','6B',0,NULL),
	('fa66aabb78de0240e7624df7ef00e1f6c0079246','6B',0,NULL),
	('eda82996126f11ee8c467580702a92505227aa44','6B',0,NULL),
	('e3d70a9ad614f2ae80f0e8c2f060b72c6e347e7c','6B',0,NULL),
	('27433d8c5ab0d1663fab39fe7f32ab562bedaf41','6B',0,NULL),
	('fd617a57e0f44729a551487c2a77e08feae8278d','6B',0,NULL),
	('f51fab2e38aeba76588b2364f81dcf8c7dc20025','6B',0,NULL),
	('33c3e6dd486b42e105cc97940158e5f1f5267aac','6B',0,NULL),
	('8139a7c6c8685bc9cf8a7f8d36f191dba87aa34e','6B',0,NULL),
	('9c41e033707460029aac433db49085a21e8c8710','6B',0,NULL),
	('9b8bb2ab23247867b2af5dc4ac427f136e38065f','6B',0,NULL),
	('306ff26bc32f7239c41cfdc9f337ef072fb20bbe','6B',0,NULL),
	('b984362032afafa8d6376a41e4b48e4369b72522','6B',0,NULL),
	('d2033f097f242bcf6a68ab21c00723bc0dfcd8ec','6B',0,NULL),
	('adde338e1845e9e5d080e5b825a7999b9fa5b5ca','6B',0,NULL),
	('301d3735dd03cc54375e2f9af7a7cfe2c9c29522','6B',0,NULL),
	('90d43eadaf826d1262267804d0fb7ded6442fa06','6B',0,NULL),
	('31a1e891ff4ba6fe71cb60494e4224a3f6cffc01','6B',0,NULL),
	('064de17eef5fa8794f4c62637176a12a0bf8361c','6B',0,NULL),
	('a5e2b491740f2ec9c8b29ac86a2721f91e8c8efe','6B',0,NULL),
	('555248c7793df271699da894363534b2d4612d33','6B',0,NULL),
	('13922be789fc375e270f967d83d13268ef3f2e12','6B',0,NULL),
	('dddd120c1d1411268d3af03ae7147f25f0914d2e','6B',0,NULL),
	('35d72611abd1801eb9d18979cb281110d44b0a63','6B',0,NULL),
	('b848fe1a5b80c3ea549c40f30eb4a2d188dba655','6B',0,NULL),
	('6f4ac31d97be91ae593ac8b256323428cc4f45f4','6B',0,NULL),
	('610ba11ae0b6b0f000dd68271ea33e3d71218f71','6B',0,NULL),
	('76f7077d94270aa9cfe9467b5e52763d4fbdf0ac','6B',0,NULL),
	('1a8d655176061c18720595d9cf3ba8e91b5d5091','6B',0,NULL),
	('0d71afc539ccd98c4ff1b845c7d6c51417f958cb','6B',0,NULL),
	('d2c41d34549e9ed2f62d8d769f1e38586e81d63a','6B',0,NULL),
	('6f9b201032e25f2f36538fff2ccedc02143dc9f0','6B',0,NULL),
	('7118ecf82b3421027c47b179f20f4dfc1e0d49aa','6B',0,NULL),
	('0764fec3b706654cac52d721b545b7597d3edcb0','6B',0,NULL),
	('bacd4db8618d38c2b1049ae81c8d22c9e3fdae08','6B',0,NULL),
	('71112cd2529ce7ee48c0b0bee0b82ccbf59b4fa9','6B',0,NULL),
	('164777adc9878ad29c359a1d4238970cffb8970b','6B',0,NULL),
	('e96c7a64f65ea42f9b868f3e719f4dd302206b71','6B',0,NULL),
	('7dfcaa799490b63a34b7e615c334e5630a9b621b','6B',0,NULL),
	('090f538f5828022854d955dfdd23da9bfea95004','6B',0,NULL),
	('079657cb93fc72b990a031113e4062553eb24fee','6B',0,NULL),
	('e321db8b97f31a7dd3a08c7ca74b5efc5b63768b','6B',0,NULL),
	('51540f288675759dc0cfb482ccf2b07ca239fc87','6B',0,NULL),
	('e826bded6735933b0e9cc54140300cc2a708cf5b','6B',0,NULL),
	('d54d28005eda612d71a24bf015eecc2b4eb3aa74','6B',0,NULL),
	('cff694762ef86c2d5c13cee65ad3160d59df6ac7','6B',0,NULL),
	('95876866b2525d3abf09027e48f12b764d539ee4','6B',0,NULL),
	('8103030011795da842e156d8142ec45c7ff30d46','6B',0,NULL),
	('e483783b63279e4cbeb94699bf1d2def766936f5','6B',0,NULL),
	('b3df3bb017d434bd8cce27f1c1ec1d774bffb08f','6B',0,NULL),
	('07bdd5ca5afde53a12b13f9cac9c6126ff0d393f','6B',0,NULL),
	('47615d2e14fe3dea73def84844188292cd2e6d64','6B',0,NULL),
	('2c3d5be85141dafa9a91459bf9805b01e9cf0076','6B',0,NULL),
	('3cefb77404a92e299844ae8fd406558f895a627f','6B',0,NULL),
	('d8f415538ac6f36a0f13a31f6de4ae81e4b1bc6b','6B',0,NULL),
	('5f01eb2e40743f9ed546ef229998ce605717b0df','6B',0,NULL),
	('7e6d308606d6b6da4dfb822a22ae22cbdb93fdb3','6B',0,NULL),
	('11a2e40e2646924d38c8a55f77cae6429341742a','6B',0,NULL),
	('97a970667f18448f06152b901154d0fd2b8fd726','6B',0,NULL),
	('6b6c835777ad80e8c01d971d6b49dbdadd16188d','6B',0,NULL),
	('40484535abe552848f256917539c6e311e3be454','6B',0,NULL),
	('9113c330209d6fe3d322e4a01241bcf385056ac9','6B',0,NULL),
	('fd8b33a024f53450184459857ca9da5a114fdcdd','6B',0,NULL),
	('502fd9c5d0170bbef9efaafa223a55d6e1dc6d6b','6B',0,NULL),
	('682e1a3c405aa05d4df7f36f79ca75b9f5ec92ec','6B',0,NULL),
	('bc4a294f4e1b93cb57faeb88e1e9c8e209d38517','6B',0,NULL),
	('5fb8a13ed5942b3e3c66b4e6cb3108f8e3702679','6B',0,NULL),
	('8244ef6c88d0b6ed53444f1b5a1172353371ebef','6B',0,NULL),
	('8746c4ab70b5eaa57f484f717b6e7dd0be596ecf','6B',0,NULL),
	('c2fbfeb9047234a47a19dd4f1a3d4a0ab674c6c5','6B',0,NULL),
	('46ef7a741edf523fedd67b55b04467fa7ca827fa','6B',0,NULL),
	('36d1e9d498a042300627d5c64bc1fdfa28e27a28','6B',0,NULL),
	('061fe0b0d330067849a6c8321252a5969ca9b05b','6B',0,NULL),
	('2bd67ad4fb08a66cff5420eb822ac2734834f3e0','6B',0,NULL),
	('c8b174e2e5832a53020d759bc9d16ea18a81614a','6B',0,NULL),
	('588d3deebe494dacd8c04a39afd112aaf55ec29f','6B',0,NULL),
	('c43643f536395bcbc5998d640b6276d1eb1dccb0','6B',0,NULL),
	('b53564b56b1b2a06092c51c038eb7fcbd7cc07c4','6B',0,NULL),
	('d5859c617e7ecfb815e687089c74dc36ed8f95d8','6B',0,NULL),
	('f273ad1c56916a2a9b8ea65a856f5b92168520ed','6B',0,NULL),
	('513e40a10a33d74bda43b1f9316fe156ee03ea9f','6B',0,NULL),
	('9d7eb6bd1fc655530996164507793569987ea9ad','6B',0,NULL),
	('e59fa423ad4c94e0f7c8881fd07f9bf7f005be0c','6B',0,NULL),
	('f53160d2e344bf72d7ce3047f924df4937c6b214','6B',0,NULL),
	('d461bacae5a0dc67071cd9571e57b3450073530b','6B',0,NULL),
	('f275f2aedf11f7e51d1b3de57326c1ee3d7ee997','6B',0,NULL),
	('f2df87959d160407ebe45879259a66d51005e82b','6B',0,NULL),
	('bce11b5a500834050cc96a1b9aa232687816d340','6B',0,NULL),
	('c8ed8bd151dd30d5af56c939d2f578fc52161237','6B',0,NULL),
	('e104189316a544c5f757ffb646181a33a6522cb0','6B',0,NULL),
	('00cf9ec152d0f1e0d1c914425103e20e21169565','6B',0,NULL),
	('1f68844213fbf9ffc69b0e5fe738b800d89e1603','6B',0,NULL),
	('782716fd04df855667005466db98fe4efd177007','6R',0,NULL),
	('55b0f17b07cf33a3ae44257dfc11f615ff050cf3','6R',0,NULL),
	('3c29fc95aa2035814a0f913b5de892f0b1907868','6R',0,NULL),
	('e377e6282cce72bbe57788423d1901471ddc44dd','6R',0,NULL),
	('fcafb8d59b44b84e475ab90858c75808bbfc5877','6R',0,NULL),
	('082f1c95dec6ff7b72ff2495765f37d9531eb35d','6R',0,NULL),
	('43494d21936573930e7ca9867e8115ef69267a81','6R',0,NULL),
	('2581f509a356dd63481221e1f821324ebe84b282','6R',0,NULL),
	('17e15238ba1ce9d9d08493305fc5e31e22f972f6','6R',0,NULL),
	('02954f6470169c4806088597c1b733e5d616df36','6R',0,NULL),
	('7d01007c95318fc3cb814b369a8fa0d24b34719f','6R',0,NULL),
	('d0e72add0c0bf5b1037bb27a9a7d5354f52e7dc0','6R',0,NULL),
	('b35d424e69f9b00c7e1cf8f84620ebaa7900681c','6R',0,NULL),
	('6923ac38baf9897aa31b8fd3c00afd91e703c8ba','6R',0,NULL),
	('fe431ca9fdb73781fe15a5ed676e2e39ac111529','6R',0,NULL),
	('d5b6f394f2e4acc58f45934609dd52feb13d0ba0','6R',0,NULL),
	('2cc844759d1b10130df94b1184fd7464b9d9d73a','6R',0,NULL),
	('a82413f4d1a73d4a7043a9d4f43cf0cc8cfd1345','6R',0,NULL),
	('8e5bb37613e74ca03ce18213e58dc88dc015ac28','6R',0,NULL),
	('2fedff4c429f90d4453997493b8cf6e06e104186','6R',0,NULL),
	('c4b4353e8691569ed66d76365be5894feea470b1','6R',0,NULL),
	('c530e68d98b6fcff0a6d79122bf86d2274d7e88d','6R',0,NULL),
	('b9747e7a47c923dbc38ef2b169a070beb2b7bc8d','6R',0,NULL),
	('92611b217da3893ad2aead8294c7029a62191d53','6R',0,NULL),
	('212a6e1ff5aaee405747c32a0e0a65526835c33d','6R',0,NULL),
	('02443c26fe139d641acb2fcf70bbb1ffdc6f1401','6R',0,NULL),
	('f5d6281d5e8504bc7c05c709fff1764c5b83292b','6R',0,NULL),
	('4af01d8d9a814f72c50c1899c6f048d038707420','6R',0,NULL),
	('374c582d080560d34ca240b9d1a847cfd96b8066','6R',0,NULL),
	('4ff100ad150c81c8a09d7b31a12d738531008fc1','6R',0,NULL),
	('d48d44f34cda6017011f8146ca050cc4c97374b4','6R',0,NULL),
	('26c010a59947b2993fba43f65f9cae4c08968edb','6R',0,NULL),
	('29af6da284a54f4f31daa9719fe7ae2082b15157','6R',0,NULL),
	('5d81ae51b54fc1bce945d73cd6d3f6055104bc5e','6R',0,NULL),
	('427764b83783c3c348eab2f7066d3366cd1b7306','6R',0,NULL),
	('801eeb7a3f913dc0b7a2bad83c74667160153250','6R',0,NULL),
	('41baca92368ea697810e27b451915f11771baac4','6R',0,NULL),
	('49f07de715911896d7e6e3efc115e532bc277e2b','6R',0,NULL),
	('ef896b09fe21cb225fa1db4d59ada716bf9ab538','6R',0,NULL),
	('2a2fc0284d4d04a7af29f3604c1af6e18c3d51e0','6R',0,NULL),
	('651379a8ee08353f2a77d3e17b66241aae2a97b7','6R',0,NULL),
	('47bb9c4aa230b7d84c3e37bd8f4372bd87c90fe8','6R',0,NULL),
	('0b4a3fc4fc5c0cc9b032b2dcaac8817b0a11d79e','6R',0,NULL),
	('751d6f01ed53cfc9550749e4803a12080547a4b1','6R',0,NULL),
	('45c8bfd0e840ac9499cf806778aded57b977c576','6R',0,NULL),
	('6b5dd84de31d668266dbec413293e9cef6d5f74e','6R',0,NULL),
	('42fc483845c00deb38f54de7e168061d9b524532','6R',0,NULL),
	('9d89a2f1b7c668749e1bd62f71104cec6e11a5d9','6R',0,NULL),
	('d65fe2372cb42375a3827a58cbd9c051e4b1ef29','6R',0,NULL),
	('d6a91afd836cf7b2416094c7c0f3c54a2607ddb8','6R',0,NULL),
	('f035246917c3464fdbebc5cf06178112e361f826','6R',0,NULL),
	('b20eebdfa9efc3a739697293ac3eb245e1078ed5','6R',0,NULL),
	('d0be67041ee79a987ca0836ec853f394edb1c646','6R',0,NULL),
	('eca2da54ae405bf131c080ce242fd4e3e1033877','6R',0,NULL),
	('2427d9c140743f20b186d91c5e07d029e67e57e1','6R',0,NULL),
	('9f84f271db2dc701a931ba7aac0905a57823e339','6R',0,NULL),
	('0b09072ebace7328c2315a513ec27b1ab06dcf89','6R',0,NULL),
	('4c793f6c8c61ea6273f49038649866cf3db2be37','6R',0,NULL),
	('2e87807612ee4b169497cdb184ca022c18239800','6R',0,NULL),
	('536f0906ea44a2b50ca1604777cd17239969b82a','6R',0,NULL),
	('0c72ebb74afce23f70be321974c53b8538bcf212','6R',0,NULL),
	('2ed6a805e309fc49375d5937cdca1ed674f707a0','6R',0,NULL),
	('2cf8fc9f0ca30374296b3dd5b8f4064495fac07e','6R',0,NULL),
	('3f03842d4a4d9a5ad8d4a4e214eb4dd50056e01b','6R',0,NULL),
	('880e41b9b102f5557a148befe2697eecbcbea318','6R',0,NULL),
	('86479c77edd0cbc6eb5f2fddc25ab7f385b13255','6R',0,NULL),
	('49482a54a2199b171682ea2d23bc4cbf75c9beca','6R',0,NULL),
	('7ae60dfad7d2645388e0378bac0e12cfc98988ef','6R',0,NULL),
	('e4521e8cebb8aaf08e7a0103c50ba273d4a934d5','6R',0,NULL),
	('4bac2e8818dc81c9cbc110e2f9e85297be05ea80','6R',0,NULL),
	('625d12cafc83b21966d8388169b36446ef0b8dc1','6R',0,NULL),
	('b80aced09a185710da5f34479e39d40051952c48','6R',0,NULL),
	('c5163ac8396f3eaa0502fb9095ad9cc27b243ff5','6R',0,NULL),
	('e600811b479452d51484e959df9fede61a50c4ac','6R',0,NULL),
	('c9ca9504283903dd72047030c792b30c27c90975','6R',0,NULL),
	('2106c8e03f8a45dff0058ab53612839d05b5bd61','6R',0,NULL),
	('06320d491239da6640c791d7ab04aae68fe297c3','6R',0,NULL),
	('fa02a1200a7bab0a64ea744ca9cebe814ed3edcd','6R',0,NULL),
	('5862a85a559f2ae3a2729836cf23a183fe0c7901','6R',0,NULL),
	('b4411bbb5599532ec45c7e6e60be9a185c7160f0','6R',0,NULL),
	('c6f0505411b5f511ed1b47b6fcfddf6af0bcc233','6R',0,NULL),
	('aa55f0f7b5194b1bd4fab8354753975c5ebf3118','6R',0,NULL),
	('b37a906dec828490861b3c070b98f640f4939369','6R',0,NULL),
	('cc503e59e7789889fbfbc851e47c1d5a85ec3b13','6R',0,NULL),
	('b55476b79f8e57013c7c8f42d5dbf54dde73f576','6R',0,NULL),
	('3456619557cbb316447bcf0b7c574753a8d74ac1','6R',0,NULL),
	('93817b56ff597ccbb318d107b97ba013efa66f43','6R',0,NULL),
	('b7ba221c0ca7d9a87a8210d0b9791b6e4a85b1e6','6R',0,NULL),
	('3c40035d60f08844fe6b19a94f0750a449ab0099','6R',0,NULL),
	('e8d320c7e84f42471fdad2d3eefa1f252f7d8621','6R',0,NULL),
	('89b9c7ca8c64c402ba0f269076941c1b2408f500','6R',0,NULL),
	('f1093731329f03240928d56d5573df5edd72bb4a','6R',0,NULL),
	('c351b833ae1462fc40cdf1a44724e4fab3da969a','6R',0,NULL),
	('f73dcc7b6335af975fba19029e439be334192048','6R',0,NULL),
	('2ca6c2b6444bb7054c2cf0772955c136d46c9f88','6R',0,NULL),
	('80fb903f9e0959c2d3f13ee1bf4fc637870184ed','6R',0,NULL),
	('b722e289d7efee505799f305a3a230dd778307c4','6R',0,NULL),
	('e9ec6aaa75a6ab4da37012b22a23afc1fe3bdc4f','6R',0,NULL),
	('489444d44a7163996741467df8d5cf83de3cc7bd','6R',0,NULL),
	('c689b4ce280547b7159cdac0a897c44ae95008ca','6R',0,NULL),
	('00d4e6247c91abde0b9294fd1643b46abad75a51','7B',0,NULL),
	('6bbcc9c22e1b11db964fd93e12ab02318c446639','7B',0,NULL),
	('337fef6f14d885db76ea4ac3f4fcef26572dbb59','7B',0,NULL),
	('c60663f70238c12b9184ed126b89c980441f0b6b','7B',0,NULL),
	('5cd02f4395fd783ae4b805841504cafa3f7c6d7e','7B',0,NULL),
	('42efd459122a46118feb87cd803780b2dc75dc66','7B',0,NULL),
	('4d20a82b13fd0e9b2e0e8a605d30a3d76bca8301','7B',0,NULL),
	('db91c04cacfd2ad0cd70da1139828a024d5f8bad','7B',0,NULL),
	('f6051e71222f3482ba340c0b996d523fbd793d35','7B',0,NULL),
	('07c8a12217cf195b3dd87ba675338910054af1db','7B',0,NULL),
	('68be2a4dcf688640a0627894a894aa66c249eeae','7B',0,NULL),
	('e2b5d2e02d9d2f7cb39db637463b0e238d811b56','7B',0,NULL),
	('0661eb310f2213c326f4c0ed9669bebc067171b4','7B',0,NULL),
	('9f3191e6727fd39cec8264e0ba0f19d5c9525fa1','7B',0,NULL),
	('8807ccab2c027d9b998f3d70801476e2f372680a','7B',0,NULL),
	('ea5e6814328339cd01bb3113284d7e3ec8abb3e7','7B',0,NULL),
	('e9cfa63dd4de0a2fede5c2126c3a7431b37d40a2','7B',0,NULL),
	('e984e683c1ce85c873f653fc15d18b54f56fa4dd','7B',0,NULL),
	('0db64eb02bef18d7539b852ceeba0be95c38053c','7B',0,NULL),
	('b0e940648229ca37e6fc659b983427153f713649','7B',0,NULL),
	('cac67e1982e33a945505ce97c985f3c1343012bf','7B',0,NULL),
	('abaf705cb339c0b6e628c9c54dc2030ef451d6fd','7B',0,NULL),
	('9cc9aa2b967365d088c10e05671d5850770c1e07','7B',0,NULL),
	('4b3b640fa14baf5d41063944df260ebe2683fca7','7B',0,NULL),
	('1ed4ed4fdf03619248dca27223127d88fb649136','7B',0,NULL),
	('9af1437b7c89c474dd6cbe4a9ab82c119160aa5c','7B',0,NULL),
	('190b8eb9702ca3f12baf7827aef26c2e764991e7','7B',0,NULL),
	('c39bc248cbfb9d67189bd4b28fcb8a33728e7bad','7B',0,NULL),
	('879c42f2d842c343a065508cdb8b796b29e43cce','7B',0,NULL),
	('b9bc206a8c004dc8adf1d20ea250abea2db38ae7','7B',0,NULL),
	('de2e963bb658ec7a6387dff1fe7e27afaa120e2f','7B',0,NULL),
	('eacf055424ec26717b86b9c357d4b5d8bfc91063','7B',0,NULL),
	('180d386f5b3867a7673d9454ca2347ed2c7f010f','7B',0,NULL),
	('f9d6639584205cf4f97aff86ee4a9f4ce2219dd7','7B',0,NULL),
	('ca452ee15b416a33f1ebfc8b137fdd5e3a59ee3c','7B',0,NULL),
	('14b333aa7beecfbfec8f6dd1ec40bcc58288bc57','7B',0,NULL),
	('889d35868e7e4910ad9a2f81b2db66e4dbd08fdc','7B',0,NULL),
	('c575be032cfd282bd2add74cf60f34e071ad8508','7B',0,NULL),
	('6cbcd4780e1e05e6bdce675c5f23db912037a7ae','7B',0,NULL),
	('2d6c5a3b5695b83b45ff26aaa8d8842bd971da4b','7B',0,NULL),
	('9a149722df7a0fe2ffde497a8a8bce028be1ad76','7B',0,NULL),
	('a8ee16e982d16f4f56cbe3d234d3c69033aedce6','7B',0,NULL),
	('06892ff05c926319e9fb678edfb0b85e49a46a3e','7B',0,NULL),
	('7791ac48af3f55b5b3d595169772699fc4739b18','7B',0,NULL),
	('a194ff62e8a36c8b7c68cd782645a81e170166e3','7B',0,NULL),
	('8dd794e0afbd1cdd234cf1a372c157f100c5cff6','7B',0,NULL),
	('5ca96e342e5502020acf4ac3876583f63e143d43','7B',0,NULL),
	('c31b8e6df4c241a552df3a059dcf4fc2b120e6a4','7B',0,NULL),
	('7cabb38d47dd71b3313e8f49c5b40102852b0c5b','7B',0,NULL),
	('f92bde99bc78b6ebb570ae9e437579b8965444da','7B',0,NULL),
	('ad22341552f1ebe9e8378fc66ffd34a9e1c3440e','7B',0,NULL),
	('dc9a2a8d4fba8b1fbca1105e8c38d6d55a2615b3','7B',0,NULL),
	('538c4eef3cca32f57b14f0efb180c4dcb46dac10','7B',0,NULL),
	('8c963d64dd67889702925ecbfed41bef8cd2e920','7B',0,NULL),
	('88fd7155e6d6a56edff90b89900fd45b15d7c52a','7B',0,NULL),
	('6f74a13a8b18704d0fdafbfd8734c16c066d4761','7B',0,NULL),
	('c548c70be55e09d3136a1e5e1185b4d2f10e8019','7B',0,NULL),
	('1e64067d3db503336d381d4d0848533a6baec719','7B',0,NULL),
	('c7203fc1de5b3513d1282d42f2b1d7615ad0ff20','7B',0,NULL),
	('392463c1cc9001e5ad3fb029567d2283f148eb29','7B',0,NULL),
	('bd1b2feefb88d727df4af28a745a1dfda9f15453','7B',0,NULL),
	('046544c1c89ec8e8b4b1a703343db95e19e7d3fd','7B',0,NULL),
	('246a7402f556bb08cc33efbef7b4deab409948bc','7B',0,NULL),
	('7bdd7f8a6a4581f9a37ccff12a3e9ceb22ca4a9c','7B',0,NULL),
	('7bc21967098e80949999fbc11814e4f299094e58','7B',0,NULL),
	('7ef9cb85b2483af34bd60958b51b38c667ecd713','7B',0,NULL),
	('694c823b7878dbdcddeeb1ec9bda5fe9cf933446','7B',0,NULL),
	('7ffbf739a2ac776688aad235b0e3e9c27faabc50','7B',0,NULL),
	('d381d708ba4ba66e64da7f4a4cbba0ec232681c6','7B',0,NULL),
	('75bc00c5da15ae82bf7cbc5fb7f5b5c8a07a52b6','7B',0,NULL),
	('fd4ca1c5b33b9e5a022cb3f9f572bf7db8c22809','7B',0,NULL),
	('9be840770a50876c93a10eea0d3d6837307795a7','7B',0,NULL),
	('d84564ec362f12f61159614073b0dd7706c9361f','7B',0,NULL),
	('3e8c9ed2e1a868d427e988e50ef312cae5b01ff3','7B',0,NULL),
	('7c0141362da75daec279d3d4aa36476df9031463','7B',0,NULL),
	('7eb66123dfb9780de71892e82e700b080c205698','7B',0,NULL),
	('8795d61e4107d6ae145d2085fc298fd45d11327e','7B',0,NULL),
	('9c3c6e539746f88258c17cd71757b24718b13e42','7B',0,NULL),
	('feb89299deb08b2dbda143cca2a65161b8405a77','7B',0,NULL),
	('4d369390f50c79806848f876b5897808481ddf67','7B',0,NULL),
	('f624066d3b2ce17dd18f816beb8180d5e63418a2','7B',0,NULL),
	('ab0136277a8dd39e53fd438a585ec2731e1081bf','7B',0,NULL),
	('5adac7ff4b12168f8b9fda7ed208858549b28c00','7B',0,NULL),
	('8a2718b4541ceaf1598a74c36be5b0c7d1958dac','7B',0,NULL),
	('59709b33479d9fe9dd9277f727c6fa990f361bbb','7B',0,NULL),
	('f664fa43e57f17e7449ad1f4adb3886e55902932','7B',0,NULL),
	('b8ef80076a4b02e8ae850bb8f6f61b0c80db487d','7B',0,NULL),
	('d2c03d0ec3654bb818daafb23bd64fe90152c572','7B',0,NULL),
	('9ece7203e00615537ca1a2fb2d67b8e3bf785078','7B',0,NULL),
	('0f057a2bc84181576f85659cb2c820217546e508','7B',0,NULL),
	('63cd0c44d81bf89be2cb37bb15d519f06ba93f36','7B',0,NULL),
	('bb976194cfe6450a20544bb6912e9e244c783357','7B',0,NULL),
	('f52caaea676634d1cf1abbef8859ef66819abe0e','7B',0,NULL),
	('ea711f3e730de8615bdb7daea1b9ec0b733e9784','7B',0,NULL),
	('dc5f0b37925725973433a736aa142311eb6a1b11','7B',0,NULL),
	('4fc04ece78cbba4f16f170c424174025904afbca','7B',0,NULL),
	('6e080457ad3016123617527e6bcd36ff0107d4aa','7B',0,NULL),
	('632ceafd88d47391986ad282d2340439f5de2caa','7B',0,NULL),
	('fe9f521ca0c4ca8d405dbd64277189f32bb6f0dc','7B',0,NULL),
	('30b6cf2b3153e3b38e16942cbf0ac826e63c6c99','7B',0,NULL),
	('d5ef65e3e30df6794da5de81826949dfe938f202','7R',0,NULL),
	('2e152af4c390cedba9029c564703cac61db04ee8','7R',0,NULL),
	('0217d069f8d0ba6111aba838356e09f926105ea8','7R',0,NULL),
	('94e900e56eaa7605f5132166bf264ca59662371f','7R',0,NULL),
	('42223b592496ed31b7e3f006aada1ccfa11f91d7','7R',0,NULL),
	('2d2fe35ccfbd764f64c7cf1864dee8e4ec606e5c','7R',0,NULL),
	('cf04a5dd5a72695680fcc98d3e02ed5bb5a6c5fa','7R',0,NULL),
	('6f1461b19d2488efabdcd38936745375c272f9b5','7R',0,NULL),
	('1173089b48ed1c30fc3ec387d913fa6a755d09e8','7R',0,NULL),
	('e067247496992c33d4ed69da38b46dc881999626','7R',0,NULL),
	('b66c9a9467ea1cbdec3bed425f509b5ad15146f4','7R',0,NULL),
	('209f394298c8a1e945998ca92a569766dfd11bc9','7R',0,NULL),
	('d7f442311a87241ebe66aa0d5c04d553383613c4','7R',0,NULL),
	('783a6c4abd8e97dcb9b77e1d4f876c6374e3de7b','7R',0,NULL),
	('0fd50fec184fa842daba4c9f7972303fbce4f1be','7R',0,NULL),
	('761d74f83f0e721c17fc67d1beec2577a455b149','7R',0,NULL),
	('f2fb323797462987dbc15c3eefe909966e76a194','7R',0,NULL),
	('8984151ed826369f0209e7c56927f2204dcbd8ee','7R',0,NULL),
	('cf5383a5b38fbc4ddada88c4152c265f4552eb2c','7R',0,NULL),
	('bf275b2233229afc5035a3d1057d69bd274fe34b','7R',0,NULL),
	('2ee8d1b7c9f414632361e260219747c812bebc49','7R',0,NULL),
	('9dad4e07686154feeaadd5897d8448785a4f1338','7R',0,NULL),
	('50a8497de5aa18844d50d59070a7f2052d3a7dec','7R',0,NULL),
	('2b5ece8447bb407209eaa968cacd0f58b00ad0a2','7R',0,NULL),
	('90a102a07dcd7ae4a4245d0a22e1ad52faa253ef','7R',0,NULL),
	('61b988666499cf12278d7a92637ca921232fb3ff','7R',0,NULL),
	('201bef5fee3301d8f09f06b53215e7b212e1a7dd','7R',0,NULL),
	('92272de1583d5a0d299a82cf5ca4130ce978ebea','7R',0,NULL),
	('01ef483a7fd258f1bc5575794be9876b1c6e95f0','7R',0,NULL),
	('01ecca7e89e874fe7ff7821fec316913910ce1ad','7R',0,NULL),
	('64bfd814ab53938d5a978e225b9134280a223bd4','7R',0,NULL),
	('c6493ff3c099d146a7ad4be1483277b4b91c45c3','7R',0,NULL),
	('4391945477a0961aeac403a34772241d91d0a33b','7R',0,NULL),
	('794ce7732ba94409d4ac0d2b6600ee7a98f31d07','7R',0,NULL),
	('6498891a999a994ecdeeed8f8097a03d94d9698c','7R',0,NULL),
	('85a7a1d8f63677f06d230ff6274890631ff2a3c1','7R',0,NULL),
	('0ef6f6a04bf2421b395bc50ffe7da4a280357363','7R',0,NULL),
	('e9ee3e8105d9dfe0d4775441c8541a2a2c177728','7R',0,NULL),
	('4b7a9bdc9023e041127571fe714c5ae8eb1ab9b6','7R',0,NULL),
	('50598fa4145df03bade20bb22475b4cb14f18fd0','7R',0,NULL),
	('2813b7a7ac16b6e64fb5a20e40c44b4fafa7fef6','7R',0,NULL),
	('ace4adc4f47a73508dafec8ac1099084028a52c1','7R',0,NULL),
	('10a9ab8fcd2c5938ad12be3e6d024e1dd9507abe','7R',0,NULL),
	('62fc67058dcfc59cf6f2da8f266d5a3235f1f2e7','7R',0,NULL),
	('9d03a4cee66debb7dc030049f64e28b4393a8a21','7R',0,NULL),
	('b92395a72425a91e36e17979db74a4356133286c','7R',0,NULL),
	('5f1124990ba90c4300177fa3f7d82b5139917823','7R',0,NULL),
	('d14b23c9f520f52ea6f88a59b5e4acf3a3a7618c','7R',0,NULL),
	('6f0eb4b1a9c1b5ddcd63e1f90898db87d5715a33','7R',0,NULL),
	('410f79d3c834ac91ebaee9b8cff485a66eabd941','7R',0,NULL),
	('4901036a1ba9c456bd5c300dc5fbd7c7498c2cea','7R',0,NULL),
	('8417a5faa98ec0e9ead20fd6b12410e85f279a66','7R',0,NULL),
	('816d1b5c50e05aec30e91bca1cc75821fae12ce8','7R',0,NULL),
	('433ee1fda25fce90c7e66038b305767c5a026486','7R',0,NULL),
	('d46b678ce3f513c66b149a7b1179b0ec39f77fab','7R',0,NULL),
	('d5dabb0ffa6bfcf92d6d3668ab8a711081b6169f','7R',0,NULL),
	('5e913d1231eb3a129b65a82d720b47d46ed2369a','7R',0,NULL),
	('a618219fc7d2fb8e02ac9f9efb27ef1af9d582df','7R',0,NULL),
	('1556dd54fb576c49b731659cf3ab4aef521e3a52','7R',0,NULL),
	('005181123242ff8c4a545a5f7379678b8467b655','7R',0,NULL),
	('679d369547ae8395e22050a188c5ec6caee9123d','7R',0,NULL),
	('3b2ff8a6ddc116e7063b90041904e5b9924de9cc','7R',0,NULL),
	('c9107352ed5c2538e1f9d845cd8cbc83e58b3022','7R',0,NULL),
	('c00d6effa1df32027e515e446053e7bece41ad63','7R',0,NULL),
	('e1362b28b18b48b21c7356b9ae4072a3a248bbf7','7R',0,NULL),
	('13a7bb72dd3aef5ed056388f50dffb8cf0eecc43','7R',0,NULL),
	('a06cf88795c70de922161f21061756f816511b57','7R',0,NULL),
	('3d8a5461d63a72209d803dd1ac9820e8a9eecb16','7R',0,NULL),
	('8e0db4c4b0acaefb958f14f8058f8e5f8af8e3a1','7R',0,NULL),
	('310e30ca169868e0a0d59b50b2d74696f2eaab2a','7R',0,NULL),
	('3e455f9a9354265218d9db534b61e3a230ed9716','7R',0,NULL),
	('efe103a054bad9617500c31d4f24a9f92614aecd','7R',0,NULL),
	('273518ce1b292cb478d3fe52e9a002b7a49ab0dc','7R',0,NULL),
	('faf5c614e834454951830ec54895106f4cc7af02','7R',0,NULL),
	('da10b4f313cbdb14215ac810e4c5688e29d21453','7R',0,NULL),
	('bc6eb893da4f5bc4504c1be3f98669735ea63985','7R',0,NULL),
	('e5c21457b24833462c5cd24c5427e4db9560c3dd','7R',0,NULL),
	('5d4d649f9961e7180afcba4d09e4b5f239204f38','7R',0,NULL),
	('636e63bebd3145f1fc1a9c33f57e9ffcd262eb6f','7R',0,NULL),
	('eff4796a103f1a9cc6f8a467533268b2d76b6ec1','7R',0,NULL),
	('eb0fd17637c598861c5cf36c70aaac097563b898','7R',0,NULL),
	('9ebefe1a9057912a3c7921964b42b4c7733c62c2','7R',0,NULL),
	('76a8926da5c8bc3d286b13a20dbb1b5a0ceba586','7R',0,NULL),
	('c4516648529e3a73b34bd598e6804c3312eb7efe','7R',0,NULL),
	('9e8f20cf9a1228709cbeb559578b9d149dbb5f68','7R',0,NULL),
	('2ce1100c9be8e3d1ff88886c1d7a774b7bdbc5ee','7R',0,NULL),
	('10137e79b2ab9699d501c79013368e9897799ecc','7R',0,NULL),
	('00c56bd1ae5776a6983c176ee3eae5c7fe1fc7aa','7R',0,NULL),
	('ba77af7444ba5229ba7e4dc2692ff606f81d6122','7R',0,NULL),
	('5997380becd094680b6470a93c097a9066ea1f52','7R',0,NULL),
	('83b8b2fd9fa8edc320d5d4c2ccace8a2ad238030','7R',0,NULL),
	('639dfe5751b53b55847ad9fd0844dff794d0a749','7R',0,NULL),
	('6d16aa99da23c678659ed192eed6c682e6772933','7R',0,NULL),
	('d4217804b45d6378acc532adbcc1802234a6cdaf','7R',0,NULL),
	('92713c33a5cb0c5a6af2a62dbb1ae0289b6c8407','7R',0,NULL),
	('46b808fc5cd070cb685eb158d22cfc962a7e7cbe','7R',0,NULL),
	('42675f18bd0e1e40ac8383cd70dcb83764bdbab2','7R',0,NULL),
	('af1aad5d3e252ae9231ea661961572346df2eee8','7R',0,NULL),
	('ac721ebccc5577f347d6de02fdad48f0a860c5e3','7R',0,NULL),
	('dcaa5ef804adf6be1ba49ed158ae337b013b6d7e','7R',0,NULL),
	('4ce99e8b83d82a6fd4a7fe0bf0b512271b8e2290','8B',0,NULL),
	('2e16632db6a5129fb4669c10bf727f225cea2732','8B',0,NULL),
	('2c6b25c1b319fe52dd3ba6906b0d481d768fcc13','8B',0,NULL),
	('0688e68a1d186d70c32358b3e629198c438c0669','8B',0,NULL),
	('de0d4b10e1719e54b88b4193eccc3289c2cb0363','8B',0,NULL),
	('f6ada09ae072f4388a93807b584e11b73a79e160','8B',0,NULL),
	('db87e62616cf714f29a307438aaf0e9631b8a2df','8B',0,NULL),
	('5337e230b6fb248bc4a5a58a38756e33b3063493','8B',0,NULL),
	('8a1edc1be2abfcb19f4a858e5dd56c6dfcb3cee0','8B',0,NULL),
	('da372f8a2c6c8c0464cd065440c02db987300e00','8B',0,NULL),
	('e697dc069fc3d6c5ae7fececd009d986894d9d34','8B',0,NULL),
	('75949c74ffc94790277e0090183e6878d1fa559d','8B',0,NULL),
	('5a8335a54402d8c0e2a498c0b8fd93b2e0e48cac','8B',0,NULL),
	('79a8705ec1b028976c56aff2667b525ab7f7092c','8B',0,NULL),
	('0b48364b7c978edfdcce09315428fb145fbadc7f','8B',0,NULL),
	('7b485ec66d47e55d416df98c3c01b7c02b8317ba','8B',0,NULL),
	('a58db1b4461c5cc0d77afb7415dad53d5a577392','8B',0,NULL),
	('4a684557da8fe6c1655f9165f0edf6cbaf6e429e','8B',0,NULL),
	('be20fcbdac830f2d0ee22b86caec5d0d085a3d75','8B',0,NULL),
	('16ab04ee3c1bce35e85342065afef8276a76dbf8','8B',0,NULL),
	('3d9eb604d22c1bc2b9b8b7cc485d3d67919e591f','8B',0,NULL),
	('b71e1be4007ca42e37250a85a93d9f6b19d37f29','8B',0,NULL),
	('6d5cbef62bbd5fb1496e83c64c86e08b4a9f94de','8B',0,NULL),
	('19a80b735b4dc54b61c331a69a50a6f8b9358ae0','8B',0,NULL),
	('4041baf9a4c3fb3aeb57d39a62d1284f3ece26fd','8B',0,NULL),
	('2b7c2b2f29babbf329b51e050cb6b1653604acb5','8B',0,NULL),
	('c0b745d95c0e85928e1eb35738356a1277c892a4','8B',0,NULL),
	('c175390942f109318715a300ba6bbf26fc6d69b7','8B',0,NULL),
	('80b25a7d2da63184b365d684d2b484e43b59799e','8B',0,NULL),
	('8d5b7c38743bb85c6bbefdd401f43f595805de94','8B',0,NULL),
	('58471b37b198948b66720c16307ab229fa6bd825','8B',0,NULL),
	('2a71752e571f9f3a58deff7f950f52863e734cb8','8B',0,NULL),
	('4f0be11ef6e0b2a4da16630f4099f37c2417207b','8B',0,NULL),
	('7186a97d5e24beb19873f380a717a9263ca6f04b','8B',0,NULL),
	('d6feca1ca9cd3982c8db719392eb301ee3c61680','8B',0,NULL),
	('e0e1e62880cbac757a3ecb27f2c8786281975478','8B',0,NULL),
	('2fef7963e47437f8fcac43e13368bfe29a384ec0','8B',0,NULL),
	('b5e73374ab9a0d7a69f8a752047d0bf6243bbaf0','8B',0,NULL),
	('0d1bd369473c1165d109441c509ca1bb43eb5a9b','8B',0,NULL),
	('b1478e677fb23b1fb7ef479b0c285b9689a4952c','8B',0,NULL),
	('76b6ba1e255fe4d90d351d0b11366948fb719537','8B',0,NULL),
	('85a52784a71d4daa0d91f32f203c6bb7573f85ca','8B',0,NULL),
	('97226c36673fa0bb26f79d71df4d50fd2bbe521a','8B',0,NULL),
	('7b6c07534b7628f85fbed36223322d1576c0c888','8B',0,NULL),
	('fa13d924ebb1ff6cf2c4fa51c7f0e035f49dbbc0','8B',0,NULL),
	('377752954387d0b2841443daa59d157811c4f0fd','8B',0,NULL),
	('892ef6891fb798d34d49d2a369b7281d5f508efa','8B',0,NULL),
	('3eff2201bc8bffbc129338963aac1616d16539ee','8B',0,NULL),
	('8340417cca7bc12043583f32c17c063a8cefb963','8B',0,NULL),
	('465462f0faf3e313fe1d415b5108c879afd05e0f','8B',0,NULL),
	('ac5e2a349020ff21c5d23adce1c23eaa77b7cb50','8B',0,NULL),
	('d9b9bd6754c6487991b1364f2c09f29eeadc87a9','8B',0,NULL),
	('3da41493144868e26da6def2b938b46e7ae23dd3','8B',0,NULL),
	('bc383f0a4638c6ceb1bc15292c8dbeed4f6e32cf','8B',0,NULL),
	('4a028ccc48b0e195440b6458ef0e5616334f0fa6','8B',0,NULL),
	('e19278f68c7446d13257e247dc9039cf65d89fc8','8B',0,NULL),
	('40ba5bd21c5ace9af5dfee682772394c61880363','8B',0,NULL),
	('cdf5735a720b5ec583fcfb9eb594a26816931d35','8B',0,NULL),
	('547c3f2c7803001ec0a0bfa7564e9af9e6f0149e','8B',0,NULL),
	('df9a5ce74fb3a8c63f1cddb29f005347e96cef18','8B',0,NULL),
	('920004c9ff599d5d03c8ba7a6d191112534921d5','8B',0,NULL),
	('1e1b69e61cbb78e3210ad8aeabc26158e369d717','8B',0,NULL),
	('1c775aa171de31c0d4a3170f9db187813bb8a503','8B',0,NULL),
	('977b0014d6e60c54be2502f2b62349fca7994266','8B',0,NULL),
	('a2a0e12ca8267ec94564740edae963efb3803b62','8B',0,NULL),
	('0a2277684595ffc849cb98cb380bd40e70e2efac','8B',0,NULL),
	('5d11d7c1a696df1d9b3656b29989ac5714ed50a8','8B',0,NULL),
	('9e30354421c0f83477cd52f18961f242014081db','8B',0,NULL),
	('93bfea657cac05fac2df60bb472f15689b34de06','8B',0,NULL),
	('9ecc2081f579d537417919a6c40ce29a38d2d02e','8B',0,NULL),
	('6f78afae8219b54463d5da86b643537cd1e3e71f','8B',0,NULL),
	('bdc71bb2bed60a14234a79413c7a71c620f69cba','8B',0,NULL),
	('3cd1d0e00085c5b14d9e4726a32b916db6bd7726','8B',0,NULL),
	('7b90c738219831f42322227660e306d013c4ac7a','8B',0,NULL),
	('888fe0481c7be12110aff8e7997eabffc84f638c','8B',0,NULL),
	('8ef7429b688e784f1fce9780e091ac10727f4225','8B',0,NULL),
	('d67b9aac2472e27d2595414d2feb05f05b62a6d8','8B',0,NULL),
	('dead7049c6b94d3ccd2a344d9d2fd613d368a283','8B',0,NULL),
	('2a7c93dc35a5b45fdb15855a64e01b5f30089c1a','8B',0,NULL),
	('dc06c4aa866cc218af83b913b1789454378cb0d9','8B',0,NULL),
	('995ab832c33e39428540df38b0cb204f99cab282','8B',0,NULL),
	('5d2155e586183736f0e8d1175a9a20158da3225d','8B',0,NULL),
	('c8928a075e6002f7b29c26719bea6cc00b1d4770','8B',0,NULL),
	('166b4b112cf9d6c19d73fda8f3ac4822b6f430a6','8B',0,NULL),
	('08427ff49002727cda4a208f47dc72627d48f5e6','8B',0,NULL),
	('5c033294f775a24a65c77a0cb6c4e8cd624cd992','8B',0,NULL),
	('4f9ec5cb7e3051434bd514d15d07f4748d56d16a','8B',0,NULL),
	('a5e74e696c35847525f4ad77b5d7988813115663','8B',0,NULL),
	('d21bfc5daba829e35efff335ae954c8034eae202','8B',0,NULL),
	('0079888e4c589d6c3677dcdc77eb833af398b8df','8B',0,NULL),
	('223bba230d28ed48fe73d40edca3e1118e0291b4','8B',0,NULL),
	('d9204c1bd510bfc20a8b27c4ebac10d7bdfb1a76','8B',0,NULL),
	('12a98fa7625d476d908a720849d7fb8a936c62ca','8B',0,NULL),
	('db18826e0f58ea8643f45dbee98af664b48e72f9','8B',0,NULL),
	('c9b329d637834d129b6b8206fe68f84752eeabab','8B',0,NULL),
	('3cb184533aef358844b61d92cf1d70ffcdf81d2b','8B',0,NULL),
	('ecc27eff1d7bc28e6b99d83306844d17cb2d1d08','8B',0,NULL),
	('2699c9ef9bba6ed7c0560730e378b13eed4abfb3','8B',0,NULL),
	('635034b5d3137b4c663b9b56e476f61fa442092a','8B',0,NULL),
	('3b3b53180dbdb58d7b53d920748bc61d2f1aa9d7','8B',0,NULL),
	('a0fd0bf3eab8e065d62b170e91e8ddbc7e0138fc','8R',0,NULL),
	('71ea8d9ebdc5d18ce83c96e9b7a48e6fa7cdcffd','8R',0,NULL),
	('9d1f0849700e6cdf98d7e868b36efed9ef356b90','8R',0,NULL),
	('7f63187f82eb709fd6c6e8bb8c61fc343dc57299','8R',0,NULL),
	('a5db2b9e103dc6dd3de5a89a931f7b1ffa8af333','8R',0,NULL),
	('a4f40ade3a1d519aaef39b7e5a16ca395bc039d0','8R',0,NULL),
	('566d771e4923ac55e84f4eb3ca2aa964cd84207a','8R',0,NULL),
	('eabcc725bb4bb1592d0b78dc043f3d68241c3438','8R',0,NULL),
	('41bceab48a459ecf805e1a914b2a31dffc3dc8a7','8R',0,NULL),
	('cc9fcbdfa2df48e151e917413bb6d1c9c1c52ae9','8R',0,NULL),
	('2cf4d709c1f7e7295bfd6145af34c1e2606a21f3','8R',0,NULL),
	('29bd25c2e883d695354a0b7ef2f13683922478d7','8R',0,NULL),
	('bf3e25e079357306250b38e02f6f5cdf55bd6aa2','8R',0,NULL),
	('a8aef0af6f5baa5ec852b6c56b76386ad72d0d67','8R',0,NULL),
	('9d688aa44ffb5a9b949e02ec0d2b5913ae973d5f','8R',0,NULL),
	('0dc7f9760a07c7f72a709429fd07a0754faef47d','8R',0,NULL),
	('6937fcffd095a6a911f0febcbdc160a464851f8a','8R',0,NULL),
	('0c26d69ee83c0c1ec91b4a6128f68f1f9c24d1e7','8R',0,NULL),
	('eb31beca641d5ed162e80f3b7cd27c741582400a','8R',0,NULL),
	('c0c0a33cfad3650ee411e53cdd72252d8e31bc62','8R',0,NULL),
	('055439a0f3c1a9b7d05a6150b1f725e6086f3287','8R',0,NULL),
	('af5b393b3a3459f02f15a20b032bea9a1aaa4b27','8R',0,NULL),
	('860e61d8ef46a64727f80dcd2ec231fa0fcf5d46','8R',0,NULL),
	('cf6492f2d7d428c6effd90209a0432254a1c2989','8R',0,NULL),
	('6ae5f92daa4cbca78fdf99107998cf5fc4702242','8R',0,NULL),
	('35488f553945a0278dfa4c6c8e09a8bad892ce86','8R',0,NULL),
	('effc430be2464442b5f783cf8556f48f8af058c6','8R',0,NULL),
	('ffbf8a6424a458ef319b594e3a404e2d5441b728','8R',0,NULL),
	('133d1cffd417610eaf9366f8cce3cea6f4c410e5','8R',0,NULL),
	('83b2eb5e9ee44681f78892b1898a75fca47a3b51','8R',0,NULL),
	('92910a8831219d794dd67a382e5c42ed8b14d565','8R',0,NULL),
	('347f35e56a15f94703b6301d801fdd9ce393076c','8R',0,NULL),
	('81ca5fd4a8245c92fcba15e77c3adce835340692','8R',0,NULL),
	('9cb050e7931a601eca0c65abe047cb65d3ac0cde','8R',0,NULL),
	('e090f7fe4b884066171390f5e644a560ef754a82','8R',0,NULL),
	('fb73a0c15bb1c60671ce77146c4a54d0140f7f12','8R',0,NULL),
	('928b4ec64189ffabb342b426300359a1cb8ad41b','8R',0,NULL),
	('a49d6bab65ecdf129d5cbf87b9085b452756c86e','8R',0,NULL),
	('7b7de592abb27a3ca585ff2436e640b4c879b1fa','8R',0,NULL),
	('37c03c5ddb2068306c2862dc89446d5d438df5f9','8R',0,NULL),
	('c940b9406b963d8becc5d7ae57c22bb90d8fc11a','8R',0,NULL),
	('3fb5dae9ffcfe89f1e2ed088bc872e0f4c80cae2','8R',0,NULL),
	('2c4b27c6ccec2fc6bae2f96b3e05f2f053502fc8','8R',0,NULL),
	('4c7c114369fba22367a5b7d9bd1f18f2dfc8dd8d','8R',0,NULL),
	('52204301274df3aac15561092dd28a1f4d6de242','8R',0,NULL),
	('31fbdff15a6c8462d040c4ef249cff290d385657','8R',0,NULL),
	('685f5e22bdf69899ea7bb09f4b424df58f4c9f33','8R',0,NULL),
	('039811dace946c379cf9e665f4c1e6f0dda71063','8R',0,NULL),
	('d254cecbf569fc1b76192be49787c7dda225e71b','8R',0,NULL),
	('806eda3708368c2ff42d4034f2dff71f273db2f5','8R',0,NULL),
	('fa0d10a33c9c61ab0ecc13b589aed63387a7c989','8R',0,NULL),
	('cb9de507210124bf7bdcb1bb4116368760ba47b4','8R',0,NULL),
	('cc4237ccad4a85fcf36c641dd73cd6e05c727f37','8R',0,NULL),
	('e54c3708b779eda5210c088816255db7508b27d3','8R',0,NULL),
	('aff93df5d3308ccab0e0d8ff57726daf38927f56','8R',0,NULL),
	('d6deb9511154c2ec126ea8a9db18f7c02bff8461','8R',0,NULL),
	('a561d0554a71ce4493fa1c59ec339f6c40375973','8R',0,NULL),
	('0a88ee3dcbf7a9b034f1235cd22c6e7ac50741a8','8R',0,NULL),
	('f6dc932535a3b3bed6f938082281e2b65670e370','8R',0,NULL),
	('831f9578170865ef2e8455d7e53669500af0d8be','8R',0,NULL),
	('898429eed865696b0f560a4405737d3c5da75ccb','8R',0,NULL),
	('bf1ed4f561b9089d83d3551353eed129b1526c9f','8R',0,NULL),
	('5a6ce5967128504d72606a5e296854c93e9743ca','8R',0,NULL),
	('f4871ba61c43650cc5a2ca4b8b4beb89994959f0','8R',0,NULL),
	('548a04ea21bf38e6cca5b4723eae36101c60ff68','8R',0,NULL),
	('c07dc4553d6f90369c45408e9893716d5fbc78b9','8R',0,NULL),
	('c5f5bef376badd6225d43bec175608d083c2ae82','8R',0,NULL),
	('325af09dab202c889a8cef23795ee33682c7407c','8R',0,NULL),
	('80eeb8c765cf1abf3d82fd7e957029e02e42cc49','8R',0,NULL),
	('bd34f7399a871886213a7247bfc12a03cbb65a75','8R',0,NULL),
	('c7a1474d93268a9b850456c7cd0084846c18f422','8R',0,NULL),
	('d2ec301f99423f8f246a516ac0676da3e760e91a','8R',0,NULL),
	('346551e32f6c6884cbef91fa3385468223bec4b8','8R',0,NULL),
	('94b33a3d53a68b342d4f5f75b97c38cfa23acee6','8R',0,NULL),
	('39925ca89cf96e17f6356d9b6fc7a78dbc36b579','8R',0,NULL),
	('5d1f2a43fdfcf4c7fedbdd166a3e2bbc6d34d0d6','8R',0,NULL),
	('5fc09d0c49fa961702a0cad2d2edcb3d8329cb63','8R',0,NULL),
	('e28b2a97a3af377ff7bd5bf6640bf78e54cf2b83','8R',0,NULL),
	('a4e75d8d145853c6033c3a1eddd3e5361cdc699d','8R',0,NULL),
	('18d00dbf72969aae50b7c0496b85f16d47235cb8','8R',0,NULL),
	('cf3a8646c8f46c1aa487dd4cfe865c5101f690b2','8R',0,NULL),
	('32fc41594f663497b9516beb5fba7c0c13b760b2','8R',0,NULL),
	('ec3a8df1bd5633a0992790a4f4c6560cbfd3701d','8R',0,NULL),
	('d9dc8409e3ead7a36cf1dcfb86590890b90dd10e','8R',0,NULL),
	('ba40a11bbb53da8d4c6f812566ce830ecc4cafa0','8R',0,NULL),
	('a50969c9f674df69aa4aab91053c38034fcba589','8R',0,NULL),
	('53099a6726748cfa04e36b8efffcf4b0f373e637','8R',0,NULL),
	('73dc0cbf16403c198503e5c93a62544a0018c4ed','8R',0,NULL),
	('b9c2ce4164b7430af5aae36bf3272df8c7ae13bb','8R',0,NULL),
	('95fc84d8a2b5c421f40eb73a4c421a1bc24b6223','8R',0,NULL),
	('e4aecadb364b9da8a26d3ad98d6b7113c7af8e39','8R',0,NULL),
	('817a63d168655acc7ba0fe113060fe9628722483','8R',0,NULL),
	('9c3c448c13a74bcd1b1ecd25fc01748eb2ecfcdb','8R',0,NULL),
	('0eb1edf6a9c92e373e46b222aa83a1662fd1e834','8R',0,NULL),
	('c15c9b461f519ef52d79bccdf5c11630f92380da','8R',0,NULL),
	('d544a61b09a36414703ea181e78f5a586814af89','8R',0,NULL),
	('52f36150cac816149963a3f8761c0f648260b867','8R',0,NULL),
	('11eeb789a07cf0753fc5370b3a1fc9013fc409db','8R',0,NULL),
	('e109f4d50ea0faaf0a4cabb52087b74ef6a6763c','8R',0,NULL),
	('2927c35417851b99728dcaa59c618ec2b2a96798','8R',0,NULL),
	('9a07a74289fcf5b085a42fdb0089e74875b4b5e2','9B',0,NULL),
	('6c3877272a83a6e63fd19718cf035f037a6e178b','9B',0,NULL),
	('360558286a940e480cda4c71d56e3f6f05030273','9B',0,NULL),
	('64431f916d8341bab17b368af9fad77721afe616','9B',0,NULL),
	('104a64b4d1ebcdda493d588fd38330b90cb3f194','9B',0,NULL),
	('489decfd1058aa95904dad15552c15f32b5a85af','9B',0,NULL),
	('af580a9ac7c2dcefb5f7995147f555bc4b603443','9B',0,NULL),
	('0ec460a9f746dd01331ac71316dda146ef2699ba','9B',0,NULL),
	('9e090a6511c55bcba7cadc43f20e84c76d0eba8e','9B',0,NULL),
	('18b87950cf4205f03b79caf638c10980afb7535a','9B',0,NULL),
	('89c0f47bc742cb56f12abd6888ed05cbc642add9','9B',0,NULL),
	('f6fd4a0b666969d58ec4bf5eb543d58f867ce255','9B',0,NULL),
	('55adfa8919252239365f2ca23fa1f0b0a08f8cba','9B',0,NULL),
	('92b266e11fc6c14a96f40f75d6e270fa792e161a','9B',0,NULL),
	('41f22356bbd03bdd5d9ac9439a3ab9d0f642b379','9B',0,NULL),
	('c5d57794772690e1269b771e1be155cca242e337','9B',0,NULL),
	('005cabf4788e5d4fe228e4449c1670341e01438f','9B',0,NULL),
	('66c00e3d06f03f9fbadfb82cd2b42b390f0ed97d','9B',0,NULL),
	('277964c2a4a2e4dffd3a9958ea5c39d70c35ab37','9B',0,NULL),
	('c64c9ae2fff7d1c502e021d65aa714bbdd23c4a2','9B',0,NULL),
	('a6200aa17145d562066a1fca1f1028fbdbf9e562','9B',0,NULL),
	('4bdc017725485b7c552deea3ad04516bf48d2b92','9B',0,NULL),
	('93491a03e11680ff5edf2be4dc0d1e6ea2dac66d','9B',0,NULL),
	('865114b8f0af3f5294c68a5b126ce67ef30b45f0','9B',0,NULL),
	('59ea1aba08d38d4e667b195c0dbb388fdc8c22dc','9B',0,NULL),
	('9e187fd8410f026990b2cba8da7dba8240dc87ce','9B',0,NULL),
	('3bba7c6677b61ec7cd09a309dc531e57ee4f48db','9B',0,NULL),
	('9089b4887608800e450c2c9850745adbc091a564','9B',0,NULL),
	('3315b58b6384f7583857107ff8aa9e02d6f07fb0','9B',0,NULL),
	('a972541d774dc8d5259b1e09088a321ea39eeb42','9B',0,NULL),
	('c245029c87027748b254e2bef720b72b6a55cab3','9B',0,NULL),
	('d861e510e96b2a0b76fa8b4a1e412d7d949fbba9','9B',0,NULL),
	('aaacf08a56fb10905f995ea2c65c89ae8a78ef31','9B',0,NULL),
	('deb39969f371d97d6c4cdd5d672bf6ddc68fe404','9B',0,NULL),
	('983768c71b4fc10387fb73ceca4a44bbea99fe7c','9B',0,NULL),
	('8774ec7d5601a1b181bd349ca1c1087abfb76ebe','9B',0,NULL),
	('a99d098da23f6296fdf795212f1e84d0ee3aa6ac','9B',0,NULL),
	('8ca008c6c73c4005246f62fb073ac6842341317e','9B',0,NULL),
	('1d3451db4e1c986144fa690d4103cf25952bf001','9B',0,NULL),
	('90aab78d1a0c99cd4d19dafd2e7616cb20a22c55','9B',0,NULL),
	('6d1bba489f2b085df530782e7d46bcfe6455a0e6','9B',0,NULL),
	('02cf4576c9cda936ea410e834a25b7591292803c','9B',0,NULL),
	('bac950450089180a4f1d1e2271f2b1fa02c64d90','9B',0,NULL),
	('aee53800a086ad7bc75c552110d0e11d6d7371ed','9B',0,NULL),
	('cc78cbfbb1838a2c213bd55f9aebbbdd8278149b','9B',0,NULL),
	('281bc7c425c4a83dc8d6329d5719ef8960e5c7b5','9B',0,NULL),
	('359233c32e8125b235c23267a0c4289eb7b04758','9B',0,NULL),
	('e5f8acb844a0dd6ef87eefd98ab32c7c4400bad4','9B',0,NULL),
	('f2242b7e09c22aa036fd8661669b9b387d8bf46c','9B',0,NULL),
	('569a2bb18f9535ce424554031692983c9f35948d','9B',0,NULL),
	('686bcb99f4a4405d410992606ecc1e5a93142999','9B',0,NULL),
	('7f06fa922a78f284cc43d42c5638d782e08c7ddd','9B',0,NULL),
	('e9baad598aaef74b8bc18ffffb2ff91a664af34c','9B',0,NULL),
	('0192d3b25db0dc6d3c9815f114b32e24aa2e641a','9B',0,NULL),
	('51350f17e8fb856e4aaa2d7b845b7c1247769003','9B',0,NULL),
	('c6e4f0fc4b24329fd78928955f8b5b469f7ce0e2','9B',0,NULL),
	('1bc34b7409b5658a8901feedac0774b27926ff40','9B',0,NULL),
	('0ea9dabacec70e8a1290b93e5294b99b9491c828','9B',0,NULL),
	('575ca4eb3bc12fc886b6be7f88a2525c7fb23ec6','9B',0,NULL),
	('d2a74205b9f5df6c4f0930af6d2f83758a15fc98','9B',0,NULL),
	('5bb022cc89c7c7786562b5c0a8bf03acb36c38db','9B',0,NULL),
	('ad869f57bb19e32d7f2e9d9bfe5be5538862bc3f','9B',0,NULL),
	('983a9f1dbfcc1ad8bcfefadc75b42ebf6679ec3b','9B',0,NULL),
	('5b62e21edbd648a2580400690085db6e5eddd1db','9B',0,NULL),
	('8d7565d0dde5a8870aa534ac9b58577cf9214b99','9B',0,NULL),
	('156719013c0021de3ac45990623cf7a09e4d587d','9B',0,NULL),
	('408224949961850fb48501f084959e638dbc42a9','9B',0,NULL),
	('417b121323631daabace7f9fda0b90c20d987904','9B',0,NULL),
	('6071928313410029a4299989ae7750f45e32468d','9B',0,NULL),
	('aae7098d4303e861c5f1d0e6d41e52f3980aa4a3','9B',0,NULL),
	('dd22ee0a8aaafdd738f5f508e4b80ce1f7abb8e0','9B',0,NULL),
	('8c31625c5e8057a39f714feb96f0b37c9270cd31','9B',0,NULL),
	('a0cf700146c70cb69f94846d471678e98ca566ce','9B',0,NULL),
	('1f3793ef665dae9e0d6f2988982dd34ed4307c12','9B',0,NULL),
	('16e8bef7a9722aaa2962cf2832aaceb0e98ace5e','9B',0,NULL),
	('304b5e2ce2829d8271cb5d63201ba9ba077fdf62','9B',0,NULL),
	('1659c81f4cd0e2d9ff13d6575cf32e46be2a80f1','9B',0,NULL),
	('f41fd1c6c0cf0cfb98b4c55ff4b13f2ab1a102bd','9B',0,NULL),
	('c4094f6c77a53f88756c916a7b3804b5484a931b','9B',0,NULL),
	('bd39bdf7bec10adbee396d3090bc6b9ad0d9e682','9B',0,NULL),
	('7e8de4b39a76ac08fd96bc727060c68b1d6d2ea0','9B',0,NULL),
	('d57fbcfe1702dfe5cb84581671c587a74540d447','9B',0,NULL),
	('78b07c8e110ecc1954be9a93f3dfde010a5b726d','9B',0,NULL),
	('f9724d3da5615e80806505afea02c9b74c97d832','9B',0,NULL),
	('af915eb51459f2db2c95a57f5e6cafd052729a7b','9B',0,NULL),
	('99f37e4c44f1b30ad1987b98453134e557169b5d','9B',0,NULL),
	('ba94345deb2ad7c6e53de3ace9c2e5bd23562933','9B',0,NULL),
	('45c6176928f8d7b2c682a9b952863ca61e6fedee','9B',0,NULL),
	('b07d1596f95c0fc943162f6386ce726baed110df','9B',0,NULL),
	('496aaeb0d67c473e808a49c7cb127715749e54da','9B',0,NULL),
	('9818265201907534090b64adfb6a26676c68bca6','9B',0,NULL),
	('d6b9fbedfa89196ac263651af31b91b0bf4cfa21','9B',0,NULL),
	('bc906e4ec4b8a3d281d36b6d6a91e7ae585c2ba4','9B',0,NULL),
	('fce15845360709bfbd7edd6b747db6d07d8f58d0','9B',0,NULL),
	('6792f77a7f63749c88ca4a201df6531b213b2875','9B',0,NULL),
	('bf26cf491873cc99a9bd2e46450d66e6045e9b00','9B',0,NULL),
	('55d2c00b41fb584aeaaa0930a4c891830818570f','9B',0,NULL),
	('74436373437143f33e38d38022e781f2afb1c447','9B',0,NULL),
	('ef14b337e82b5bde9c2924bc4b1c877d503e1fe5','9B',0,NULL),
	('49169dd2f0aa274d6cbb310b24aa5da1157e59c6','9B',0,NULL),
	('c8d92f29fbd708003f220697a2fc9fe809efd376','9R',0,NULL),
	('fdd1b31680a4d8268b822dbe2c9f993fb7723315','9R',0,NULL),
	('bb27d4a0ec6b0839112dff416c486c3030df2264','9R',0,NULL),
	('3eb6b869de7d7206231acdaf6766c46421160761','9R',0,NULL),
	('9a4e81927e3ddc703b69509f99e25e6c5f8c8444','9R',0,NULL),
	('d7d8253cf522a089d311c920bc725d3fdb68e319','9R',0,NULL),
	('bd04b9c5b75e32731004ed217016e0a04344cac0','9R',0,NULL),
	('261bae286c90b19e4d12ee9b0670333d35100788','9R',0,NULL),
	('422c095c99a73b14f69b2610ee06666d0e08c180','9R',0,NULL),
	('af9ba2689e1a5d529a9f75a1fe5ea642e0f481ca','9R',0,NULL),
	('e108be3997b1626b9eab9e17c369ff4fafbc8aa5','9R',0,NULL),
	('d08b318932fb0a213165f35d792cc4c45cb65efa','9R',0,NULL),
	('4b90db7bd2e22daedf0b7be3e21ab0784b947d06','9R',0,NULL),
	('3866a592a46f21964ac613dc1fba1e43cb6372cc','9R',0,NULL),
	('3109157ecbb8405dc5a1ab35360be29f55e8fc38','9R',0,NULL),
	('0413dc7ecfcbd65a548c544d97bd9911c1c56ed1','9R',0,NULL),
	('ae6ff6740c58db21092233afc2a08246bf17f227','9R',0,NULL),
	('ecbb9c5559088a72d24717f9688c992b425b3003','9R',0,NULL),
	('fe2df1f6c08a0fc9358d35fc24270481b37dd969','9R',0,NULL),
	('7ea6e9284d92e529a7dad4796201616fdb7f17ad','9R',0,NULL),
	('f9db966205f7d6e3e94893587bec38fc5b69d018','9R',0,NULL),
	('b3e47b8966561e0034f705cdf83aefe4086c8f7c','9R',0,NULL),
	('d52d2274d118c32ef68b156be33b2d7fb50ccdc5','9R',0,NULL),
	('c75755bdbdb81347d109a4c87c67ba93e3edd8e6','9R',0,NULL),
	('b2d66850026b84007b24b0e1c4d81788ef1807fd','9R',0,NULL),
	('9e038c1f3f38ae4471343f8d84b5ff5368a88eb4','9R',0,NULL),
	('bee34704780eff38a9e0587699d01ff6e50b0779','9R',0,NULL),
	('4833791b808d2fbb4439c56c012997152fa7b754','9R',0,NULL),
	('4bcbfe1cab04983a7d2b87aae0a19a6808b72867','9R',0,NULL),
	('4f21f91235aece97e65fee8fdfe497a6e363a4f4','9R',0,NULL),
	('6bb696f4cc7d9cbb6a5b25d526860e86c6dddbb1','9R',0,NULL),
	('f6cde92e5d4db2e4e77af35bbaefe111e311ea60','9R',0,NULL),
	('c121e64168e505578cda014820a0a25eb5cda934','9R',0,NULL),
	('4c81acec39786c83b10c5e5e6f9beff09f13b645','9R',0,NULL),
	('9749bedc351739ddcb6fb80965dfd41d0d1a5251','9R',0,NULL),
	('061f4109d6aee78bb2f062144aba13376db95ee8','9R',0,NULL),
	('52e921f6bfdea1a6870e2f0778cba1f5d8e66d2f','9R',0,NULL),
	('572966dc720f405f4e450655f157ce8940f241b5','9R',0,NULL),
	('bc4d6e14d9b4be5c2d42040ade52cb74374e20f0','9R',0,NULL),
	('be31b7c4f9312e47828b7d036c436b356c3ce8b9','9R',0,NULL),
	('596260aae1879eb44139b3f7a616fc2df7d8abf7','9R',0,NULL),
	('f950c03a93290ebe947c771e9a382d96f37e97c5','9R',0,NULL),
	('ee0c55b4cd9c38b91007a8ef0c220714f95a8453','9R',0,NULL),
	('7c387cf6e6c2f0c536ea65489791a34e42d8edba','9R',0,NULL),
	('d45d4d2937d21519cd93dd07a54ad63ce4b4572e','9R',0,NULL),
	('e4d61119306c0422ae1158ac04794804ad77503c','9R',0,NULL),
	('a04e9cc65f9969e72083c1a191fcdb3e0a11b0bb','9R',0,NULL),
	('15df0c96c06d2f0a53712390199261d4ddd5893d','9R',0,NULL),
	('588abfe56b7b934b815643c528374242d9e27470','9R',0,NULL),
	('2db73129e01448c7df2d3f543a9f8c9b976c0cbf','9R',0,NULL),
	('1e4cbc73cb321bc01d463d8c803140c83be30764','9R',0,NULL),
	('354bf024e0488bff8efa509804ec5debf40410ec','9R',0,NULL),
	('100ca4f7f40b6608500eb78427445c735249ffb8','9R',0,NULL),
	('0669343f8476e2dfd75c95201b45bec5fa17f9f0','9R',0,NULL),
	('0da3115391e8ad338ceeced1168e264bef909af7','9R',0,NULL),
	('78e1224fccac4abf63022948464ab7a24cf12a14','9R',0,NULL),
	('40449d93a1f12e9b7e106e9aeaa8f99a7534a9b1','9R',0,NULL),
	('9854015aedd9d67306a502a965f4f80b11bb0e48','9R',0,NULL),
	('cdffac79d851612ca767d63d59761bc071f67f83','9R',0,NULL),
	('fe4d82b17e445809ccaf4f38ac304e445c60a5e4','9R',0,NULL),
	('1c8ab4c018a03f073b85d86bc442aa73d82063b9','9R',0,NULL),
	('ca3479e3319c2a5a6f0fde58945313904577ff14','9R',0,NULL),
	('1a0ccc4cc0fef2fc87421f855d5d4b36f830e093','9R',0,NULL),
	('941dc2f1025a1c93049c5b95d076a881c6872579','9R',0,NULL),
	('205d12f39de79ab7f96794f5da077c225164bdb3','9R',0,NULL),
	('d4d8a90575c959211b0f860ddb51a349d95e01b2','9R',0,NULL),
	('2dadefebec5c98a49bfad3eb583eaaed68096282','9R',0,NULL),
	('7cf73cf7cb5a428708cb4fb6002b4352b5f3451f','9R',0,NULL),
	('45ce90d36e259760233e1e2918a25652c997de1c','9R',0,NULL),
	('230d5ca98e89afecf7c50544ab0cd245d25669a0','9R',0,NULL),
	('076d48174970d9d8461a8c6758078b2c9bc82257','9R',0,NULL),
	('6936e27b540d88ed973651394eef344f362db99a','9R',0,NULL),
	('092f4e43b5356724653f15581072865425c738c3','9R',0,NULL),
	('1c5101fa83ba52642440b556cd206fcedf82fdd5','9R',0,NULL),
	('9fba43e52bd08b37b975bf5714879f7875ba11b1','9R',0,NULL),
	('e0d99be3b667fbde33b970fac090e0100eb5d710','9R',0,NULL),
	('5a8fbc126a77541f9955280397e588f7e6f17218','9R',0,NULL),
	('34118a48b7018b3a0102215e7ad5530153477f4c','9R',0,NULL),
	('8b9e0438397c6c67771b5d77828240077ed92b95','9R',0,NULL),
	('70fee79889789ef0823b1002ad90d592b15b6151','9R',0,NULL),
	('203262f4a58e9cf4963e9cc696f61bff41e59d10','9R',0,NULL),
	('7c12c76605423b15666caa86c92049977d08196c','9R',0,NULL),
	('328be817da4b12f28bbe0b1a1ed61fe735f91e7a','9R',0,NULL),
	('63453613363fe3337e6e18e70b3c731d4f220b53','9R',0,NULL),
	('eba71fc1a78259f831d98a7ce7d43826a87d3d0a','9R',0,NULL),
	('4318bce83a937975530a5643d0b147a0f3e4d913','9R',0,NULL),
	('2cb1bd729eaf83e71f155a3c13eaf7e3f2d9b566','9R',0,NULL),
	('c52d3358c959b557d39b13c7abfaf7cf596ee673','9R',0,NULL),
	('8bf496478e737bd206b6958e6cbf993824cface5','9R',0,NULL),
	('64f3328f583dbe9fa054a054917956d038e1d2b3','9R',0,NULL),
	('457fa9c5872a3232ad3f7c48f91f98f243991243','9R',0,NULL),
	('99c7f14c066ff3290f2b4fd7510174326e2f6e22','9R',0,NULL),
	('c83252853271c0091121dc25b9d465ff74f520b1','9R',0,NULL),
	('8385cfd12f181b7d855e61cd5e169109b60fc495','9R',0,NULL),
	('c9ef7f982db91952731c28439cab6dab7a1a621f','9R',0,NULL),
	('d38c79dd860a68e1fe54ba777832d28ead1a7ad3','9R',0,NULL),
	('79789b26e18a50ce509ad1ac91fb8c4501671f65','9R',0,NULL),
	('44bc11d2ad861119cdfa5fb4e966226c1c7fe620','9R',0,NULL),
	('a104e978cc42903a457d7f21493b1b35315c78ea','9R',0,NULL),
	('43920ae336ccf94deff06e3edcc32169b0fece02','9R',0,NULL),
	('6c30886c89f1acdc0b7ed464ee4275957c728700','AB',0,NULL),
	('7f3638b0393423220819a548516927a84ae5ba2e','AB',0,NULL),
	('32cb6b73420cbf38270d00cb3d8560602e7c073e','AB',0,NULL),
	('a6ad9af45e0902bf0955e6bc6d85b3045d1407a0','AB',0,NULL),
	('cb80de7f108dac5f493a12e7f881807012f82032','AB',0,NULL),
	('23d2d17332bfd2c2924cf825f2f442a04bfa0d1c','AB',0,NULL),
	('ae05fedc51ba2a0d0991a4e5544c56d9cd3c4ea3','AB',0,NULL),
	('0cfaf02de0fa55a81145118aad4cd04a9eab87a7','AB',0,NULL),
	('7afeb5db002fde2d00b4d5b80820d9e1c46dfc42','AB',0,NULL),
	('0f3f611a1027ae11c02d8ca568f708235aab4873','AB',0,NULL),
	('a956f94c3106faf8919f202be260b2267cb7ec0a','AB',0,NULL),
	('1c8d60f025c2f04559a9fb3e1e4ba3529635e6d9','AB',0,NULL),
	('0a3b8de01ce3860a32c7867bdb24f10a325aba2f','AB',0,NULL),
	('156c870d35ee54957a297e25568ae1ae7229c351','AB',0,NULL),
	('8bfe64d3f238dc06c5537430e1a58b14ad3dd67c','AB',0,NULL),
	('c7cb54892a955d8222075c68f027b29eb5e11d3b','AB',0,NULL),
	('0b0847b93967ee29d18ebd9e5c031789de376753','AB',0,NULL),
	('c695da0d304f0ac1bf5f46153047dca14ea489e1','AB',0,NULL),
	('bc908247a5f6a057866923bb92e595d06f7668bf','AB',0,NULL),
	('04fce6d4ac338c74917250f18540122eb4d1047f','AB',0,NULL),
	('7a1cf7564474d0861ce74365663bf6672514d82f','AB',0,NULL),
	('45b463b66fe9e43f93f11c1b9fb519411d0aa8a7','AB',0,NULL),
	('da1a039b75a7f55e839349bfa585e8f8d863edc8','AB',0,NULL),
	('ebd5156e1ca7b7159449db220c430ab0c07e695e','AB',0,NULL),
	('ab664115cf96a5666511dd0d6485072f2b37bf49','AB',0,NULL),
	('32e07c84b1eb65df7c4cc10abc5fe9acf962a313','AB',0,NULL),
	('963fc13ec898d26302a82c9e0c2b20cdbadefa0d','AB',0,NULL),
	('3cf8843b0d8b34c82688cb5a84d8d35d50c5099c','AB',0,NULL),
	('41eaed3c3b4e0fe4563cd4d2b1b7853d06c10e44','AB',0,NULL),
	('d7b111c5615b09e35cd4a81c8d8e1aa2d07e48ed','AB',0,NULL),
	('f3c78ac74be4fb7522fa4fcd55e5e166d122b8ab','AB',0,NULL),
	('008a9b8c85e4843ffe99d3037c314d15d30f56ad','AB',0,NULL),
	('e83472f961789a6f8e8b46c42f186259db6155a5','AB',0,NULL),
	('d98196829dd7b45f1b9d4fd0581f08272d46f21f','AB',0,NULL),
	('487f7494572108be6123ebc3cf9d34cfe9745cfa','AB',0,NULL),
	('b78f3583aabbeed5c18934bb35e81bd167879bcd','AB',0,NULL),
	('811f0d192c218052c4b7495440e18b02bc6bcabe','AB',0,NULL),
	('eb7b912515e27a442d885299710dfbc7b9fd0eca','AB',0,NULL),
	('ff0b400bcc053ca989328072e85ac0af1cdc4ec4','AB',0,NULL),
	('695a5699ec44f7a082427dbbdd2677654061c416','AB',0,NULL),
	('7d75ffb778225da9deca9639a453ac12060fafaa','AB',0,NULL),
	('4625a5dd453c9dca3666e91393d667feb402952f','AB',0,NULL),
	('980a9840958eed6aecd6d597621fa76cf8dc710d','AB',0,NULL),
	('671f663216434d715cd6b5aecd5d3a8d3b354f4b','AB',0,NULL),
	('e5ad4bafd264079cb2393030090dd2c4e7367b7a','AB',0,NULL),
	('277c8bc1485ee34cd6b0f35e199223a5d347b74f','AB',0,NULL),
	('4862124e42a468b1cf94d17ca036f8664d2a79e3','AB',0,NULL),
	('7d477a1fee1021a469de93446421780d2eed3641','AB',0,NULL),
	('b873939c2ca31fe39075ca8406ec5e9625e5874d','AB',0,NULL),
	('7c353e6a41c90980d3ffa55f87eddddd18fcf24f','AB',0,NULL),
	('494431a6e8e01c7d5efa54d43fd23b7d577350cc','AB',0,NULL),
	('105eb69418f7cd65cf1be1e57cf9c8c1a69b8518','AB',0,NULL),
	('35da2bbdf0bdce3eac32685906785fe5e70f469e','AB',0,NULL),
	('92b6d32835e9483696e8873b08deaf592832f424','AB',0,NULL),
	('92dc5190f920f7c14d31a0162e08971f7ae44918','AB',0,NULL),
	('9669bcbc1a7c7a3e187cc844f8761e38724e50bf','AB',0,NULL),
	('0bc8eff185c3892e1b9478c946e36c69df4f14fb','AB',0,NULL),
	('6ad0b7e6a17be9dee5b4f178255319e04666ee48','AB',0,NULL),
	('ae5f67dd604c9663d0cb7253903bc71ec5e12bcb','AB',0,NULL),
	('83b84fe842b860643826bb38988834f4ab5aa1e7','AB',0,NULL),
	('a1a090ff1d0f7e4f6fc81931c48682910640018d','AB',0,NULL),
	('db5a4936dc9846f5f4710bc362b91dc7dde3672f','AB',0,NULL),
	('e06b0a3d158577d9917b975451a09cd7c5126482','AB',0,NULL),
	('116302b6bccf53128fc25b19ec27c79887af815b','AB',0,NULL),
	('6d5e97137887b6574124369ee01204c70f0ccca2','AB',0,NULL),
	('a2fc172fd86e837f0e4d8737a92e5f20b732334a','AB',0,NULL),
	('7af3200cdd7cf037a358b21392237f3404e80f6b','AB',0,NULL),
	('ddb2cd786793c0ac3a3916f3fe4f3d67eebe9ca8','AB',0,NULL),
	('81b2dfd55a7136a0db28e229bd69e70e1eb79ad5','AB',0,NULL),
	('7b29554eead5a47aa1d183a626cd9f9adfd6cfd8','AB',0,NULL),
	('e9ae31d45531e07864946d66091c62871d31e777','AB',0,NULL),
	('eb58c09821b6a25be4b2635d8c5c110f92b842e3','AB',0,NULL),
	('fc2644027fb982a3b793fe122f4641ccccaa1e7c','AB',0,NULL),
	('80daabad725d2caa361f0f00d67e8e74391db661','AB',0,NULL),
	('a724d3fe8d04a58110b46b09496d4480edecd8bb','AB',0,NULL),
	('529e26202446fc5b8eb966700607cc45553e7a32','AB',0,NULL),
	('9a39c801455a8aef77f5c21a008bf53f0852bd67','AB',0,NULL),
	('d76c03bf02c65ded278d4c8e81de406316501e1c','AB',0,NULL),
	('241c4eb68914ff0cf2a4f1ad77b07f926572d976','AB',0,NULL),
	('d0a89e1fe36edcbe67d01549542d4c11123b23ef','AB',0,NULL),
	('17b283cffa8ff5aba4d6654daf1680ac122b0d7e','AB',0,NULL),
	('431344f8fe3c7e2c83d3e8cc98889f59829bdf21','AB',0,NULL),
	('7f0b06b90ca302c0ce28bbd5078af5f676d4b733','AB',0,NULL),
	('99b476bf740df2c1f43704f23b3c80ce1f56e830','AB',0,NULL),
	('f0bea6b1a5c4a776865c24400ffc316c16a97786','AB',0,NULL),
	('482b7671eddb19f0bec4e2ed02f40c8c01394466','AB',0,NULL),
	('92277bf9c0ce2f05a39eb56703d7edc6396d7c09','AB',0,NULL),
	('cca7381daf2c04c9c3803168f5930cca442aecae','AB',0,NULL),
	('533b654d0fe6c91ebbc06a7576e8a88e40fea6fe','AB',0,NULL),
	('bd9b679c959af20b3a5755603578e10967d52a9e','AB',0,NULL),
	('26bc39bb0501a05297708e69c68c5b95449b7fd6','AB',0,NULL),
	('6ed6a0b4c4ab69e2883bcf81377a1103aa29f753','AB',0,NULL),
	('6b5ed0602a1658a9c3f4a1027109fc1b6b3a4e56','AB',0,NULL),
	('87259469304307ed662ca74a3c6443dd0aa0177b','AB',0,NULL),
	('c767ab9e93f53bebe70f14698a604a1ccbf67b01','AB',0,NULL),
	('f9e5506cd23bd8ca276551ef53aed857b248ecda','AB',0,NULL),
	('4cce7dbdcdec1e4878876bb5aa9069b915ed347b','AB',0,NULL),
	('58e310be0e70449ca3ce2e2b2384d86fae81319d','AB',0,NULL),
	('f3d800057d5dfb0ba8cc7ac3d80b2f6d078d1328','AB',0,NULL),
	('66dba181eff08b39caa9712a53328018b2a40f20','AB',0,NULL),
	('f188ba0272eac9f7c4c254eb16d4816fdd297736','AR',0,NULL),
	('e28271c50d1b5fc7878fc1298904f11c154cc234','AR',0,NULL),
	('a34ce50e731455381601c65f8aabdf25827060b7','AR',0,NULL),
	('d69de57a5ff8120b8586e598a47a82e5fb9146b4','AR',0,NULL),
	('f71e47e51af2be31a687f8be105139daaedfdb96','AR',0,NULL),
	('9304469bb6cd391bbbf58394b727f773a5ef54b5','AR',0,NULL),
	('d302785930547f20f52548df3b06f7e4d351e09f','AR',0,NULL),
	('6ad469ea85ef66def071c092556a2e3c5e8527bb','AR',0,NULL),
	('8e3fb1ddc0d118c578b37bf1d3c05d409d72ef0d','AR',0,NULL),
	('42e86b8e72d81dbe51c6a4b8a7a4ff26dc7cddee','AR',0,NULL),
	('6a226e38e6e07017ce2befc68f01655a8161494b','AR',0,NULL),
	('ecb78ef211940088a36577f36298ce6417db474c','AR',0,NULL),
	('56147cab85918c773004792232b24092ec045443','AR',0,NULL),
	('6b92ceb64e7e4b521c2fcbbcf68c99716b9622ae','AR',0,NULL),
	('6b3e0edd11adb385a4621cc4cb84bca09c978362','AR',0,NULL),
	('f56c9174c5d54090c9ed9feb7bb6d2ccd92c3a2e','AR',0,NULL),
	('8c13c57621085737ffc81b34cc357cb7b6376143','AR',0,NULL),
	('801dca7ab88c465841afb9337e1e019bb7c059c3','AR',0,NULL),
	('f2dbdc32ee2c8090e045c6f1536d83990a53a19a','AR',0,NULL),
	('bc06c6628af85b9aa55e75fa93d184efb395b097','AR',0,NULL),
	('018def7e847332127e9cf88b4026d52762ab24fd','AR',0,NULL),
	('8de96c104481385f4181ea723d120e1e6148edb0','AR',0,NULL),
	('c5b78664585a579165f01372015df8ebdd9920e6','AR',0,NULL),
	('3a5b79c4103e0b6e6611ed823121f55d0d018d73','AR',0,NULL),
	('8cbf9c551da765a584755b0f7f2e7ed2c9e8e028','AR',0,NULL),
	('4537d6d14efb78257b3c00dc8de7b75b60aae522','AR',0,NULL),
	('33d871121be55389bf069c6e001237ccf854c0aa','AR',0,NULL),
	('3537000c4b0575f322a359f671bc5b5f8cb0fb5c','AR',0,NULL),
	('e38b75e5dcc1ef398331e298daaa9e209e9915eb','AR',0,NULL),
	('e16311587a47b89f83eeababa5081efecdf825d3','AR',0,NULL),
	('24b7054098778cbe4673e57e61be96bf856cf411','AR',0,NULL),
	('4a1e8af94b98ae7f7a6599fdbbfd5641a311b08d','AR',0,NULL),
	('7bc9d65a769082170f02e571516d86cfd319d6a5','AR',0,NULL),
	('4b4827c7d3e6af8f1d81f60566a11c41b24ffe0f','AR',0,NULL),
	('b00c9c0ce9ec1602eb4096eb07fc2694efdb310c','AR',0,NULL),
	('922ad09cd894969ec4bfce819b48d3d96be04c5d','AR',0,NULL),
	('c955060dbeeccdf2201a0b99c062035641767575','AR',0,NULL),
	('ec1fb7c5cc1d031baefe8dec8054ab6b226e7628','AR',0,NULL),
	('ec788a518cdd21033f01f47db33d1de9f69bbfc0','AR',0,NULL),
	('b5839eb231207b5d7624b5dac1245269695c6ddf','AR',0,NULL),
	('e42e1b9238c1e24eaf5b1e1760f8d9147824a93c','AR',0,NULL),
	('105774440809225141fd73e72931baa7181070bd','AR',0,NULL),
	('4331049ad14f3556a5b5cede73dc9828b9853567','AR',0,NULL),
	('9c5392f890536dc7dcec92215a880c928e526c32','AR',0,NULL),
	('fdbfce31f8d079caeafb3cfd08c4a93616661fa2','AR',0,NULL),
	('b049e2a279c26f4fa9b410bb9f474635e139225e','AR',0,NULL),
	('7a657991fdf83bc44317c8ca526030cec823fb90','AR',0,NULL),
	('e5ef339b2d147335c4daa0cdb04897f2cf220328','AR',0,NULL),
	('94a33b83de980db7cc4b4accd8701c1d6aaff1e8','AR',0,NULL),
	('2408f4269b58501a47ec76ddc1794ecdbbbb7952','AR',0,NULL),
	('69adba63a6a1268c1488e2c34f6f2570c1864433','AR',0,NULL),
	('a79464601487522fa119ed9014ef7d51a664ab8c','AR',0,NULL),
	('b8fdad27c45c935828e8a32d5532e8128c6eb0d7','AR',0,NULL),
	('fb0e05339c8af9a1ec73ca9ca2a9a71ad9921115','AR',0,NULL),
	('8edf2d66b5a1be6535cd19b51d39ebd7811bedfe','AR',0,NULL),
	('fa4f2c5e6e086f32c8b47f789c41f2f2dca51f1d','AR',0,NULL),
	('d9a9fd8016af9cf0e1b78892952a1b9e5b205497','AR',0,NULL),
	('a2f5a5a01aed13301db1699b1c6319d1f5432dba','AR',0,NULL),
	('bede9a58d682bb7990cc1d8ff91257f43f8d0e1d','AR',0,NULL),
	('4fcfd19afbd02834d72c40a07466de21b2e09c88','AR',0,NULL),
	('ab6de7f87ac25146498ae3a0b9b414ded4f15c33','AR',0,NULL),
	('81c4cf2a0214d5d3ee3c296416b43ef0ac7d187d','AR',0,NULL),
	('3ce50a3ceca58a3df32b8b097b5e861931816e9e','AR',0,NULL),
	('4eb8ee8544d06935e3c27022eac7ec39282621f6','AR',0,NULL),
	('32008ec42f5fca0568ab3afb85525f76b10a771f','AR',0,NULL),
	('ab52278f060075ea22fc226f30ee66701f53e639','AR',0,NULL),
	('2017a5e83f875c4d0cecdf4a8b5e504b715060f7','AR',0,NULL),
	('52d92619a19676f7f3a3e6081255fd5e6d56db91','AR',0,NULL),
	('80f5298fadc3facd1c77679cf26327a30c7c2c0b','AR',0,NULL),
	('e0cad6c22a188445ab0be049afb59af7e57f6e34','AR',0,NULL),
	('ced54f9d93371138d454956e0cea126f081b2991','AR',0,NULL),
	('f71a799fa0c958d12e55375717e52d880b630be8','AR',0,NULL),
	('56a06fb9f1167b2f0367d79cabd956e896bf49af','AR',0,NULL),
	('3e05c0111c8cf6fd85e517efaf1ef608f06a6cfc','AR',0,NULL),
	('50af0dfdc7c881740724a923d6a50fc6f55cf330','AR',0,NULL),
	('c3fae46477f53d10939d35362eacc651e7c5082d','AR',0,NULL),
	('5e777bdaeca60d1206f02c6ba5e9353386051478','AR',0,NULL),
	('785d01cee0eec06fefd8f4b7eeda2fe80afe9a0e','AR',0,NULL),
	('7da5bc05f0fc3dc094ed5c306121ffeb751ab20c','AR',0,NULL),
	('c14d11b01fe00e2e10dd6400c8a5ef3b79196103','AR',0,NULL),
	('3e6b4b2204a7683fa03b08a9909649fec122da4a','AR',0,NULL),
	('e298c395179cfe71f0d05d495fe167f604bd512b','AR',0,NULL),
	('7080cd0d940a1fd9f3cbeb7d273247b35e9b2ebe','AR',0,NULL),
	('538b2e09f587921e95083ae0a08453e7dd647823','AR',0,NULL),
	('efa37990f3fe9f332bb0c1d5897dbee096262f2e','AR',0,NULL),
	('907ea073e82127c722b18966c0f824f1f2c409ab','AR',0,NULL),
	('e65d526e11e54119af8333b380ea332ea1510ea5','AR',0,NULL),
	('ed6698432b2fdebbedc19738dfa09f2fe7290ee7','AR',0,NULL),
	('3fd9ad8d501d08f81520aa44d2721b77c079fb41','AR',0,NULL),
	('062a7cc29e11efca7066dce2551042986de70060','AR',0,NULL),
	('da7fd7d0fce7bad3de895177eeb68341d9ccdafc','AR',0,NULL),
	('dd2f4a9d9804ec507e4a52eab1176fbefcbfd73f','AR',0,NULL),
	('9d395b79dcf2d44e6315c69c633b21cad7ab0237','AR',0,NULL),
	('74040f7b354188f958657595b35837bc6ee060dd','AR',0,NULL),
	('d1e99f3312bf37677accb427dce5d1aff90de23f','AR',0,NULL),
	('e0d9c4156b8485b3e5959974de6dbc11fa9b8996','AR',0,NULL),
	('4be3eba1fda8b5c59b1d3f5905d66e2763ce5c54','AR',0,NULL),
	('523640f11cef6e1457dcd5c3f02fb1cf26463faa','AR',0,NULL),
	('21d414fb57ee899277d294e1e208acc59fd46572','AR',0,NULL),
	('52d87d8adb0b248b290bd796d6ad7cfec60707c6','AR',0,NULL),
	('f2427f3b1c366b0cb923d7be71a97edaf2272ec3','BB',0,NULL),
	('7070b53476f2f05cee4f729c557ce1d63de4ca06','BB',0,NULL),
	('9eb820b81a1eaf28f519482dc56c9ebbc2e938e7','BB',0,NULL),
	('718e314f59e2358900249cfbf447e90c607b8ce2','BB',0,NULL),
	('1200595130b97391a4f93b74695e7c085ea5584d','BB',0,NULL),
	('6a426804c8331db4863a3aa86c61e243c15fb182','BB',0,NULL),
	('8199709ac443200983ffe3acd94be281c6ea651e','BB',0,NULL),
	('6343c5708743870b68af95b8a9da638acdae15e3','BB',0,NULL),
	('88a84cefeec51f9988b919b96ffdad6a620d2694','BB',0,NULL),
	('b4e2e6d8719bd570db91809142d445edd325c97b','BB',0,NULL),
	('4653d292352390eb25da2b551f5ef9a8b6dc5fe2','BB',0,NULL),
	('9fe242bd520120eb92ccf89f14790eb6b96681ac','BB',0,NULL),
	('1752a65a1122ddaff9fc07afd6853905e1d322c5','BB',0,NULL),
	('2d66a907d86957f363c06902f1b5ff2d981b6595','BB',0,NULL),
	('e9bfa04ea80b908bb363626e6755e57cfa20cc10','BB',0,NULL),
	('6d638a0e55a9cd849094c370d50df78d85dc73e6','BB',0,NULL),
	('3885a950fe516000ec20618776622db2673e287a','BB',0,NULL),
	('e76c44d759e64298b5a14207cbb816606f49d4a8','BB',0,NULL),
	('7534b297abbde41e5b8eb27a43f8caaa6dfe5a11','BB',0,NULL),
	('adf561075507459a744124d8000dfed44af5db28','BB',0,NULL),
	('db8690b942923cf96aadecb3e6e23fef4592436f','BB',0,NULL),
	('b8df82ada81fcc36e7bfa8be04db10fdb48cd454','BB',0,NULL),
	('30e74707e958b43892cbc59123e4afd8fe7052b7','BB',0,NULL),
	('28aff706303576496d1e2993c7f47e1c668d5361','BB',0,NULL),
	('619902cd4b773d20ef233d3f7d3a3a0ac4e60daf','BB',0,NULL),
	('69e7156517a540f97eba7546dc1e9f2bd441b756','BB',0,NULL),
	('8894154bd0775f49ba9b2a6b2ddb7152e2e632e1','BB',0,NULL),
	('93bb660e8b37231c7f72ec8559a788035cb6c8aa','BB',0,NULL),
	('501a97af5964d69748c97b35486e073774766ae3','BB',0,NULL),
	('3f86f5ce396a9da8d063ec2f5980b283244b6bc3','BB',0,NULL),
	('f222f1e5d81c8f1fc455a4a06a1608e95c7f2226','BB',0,NULL),
	('2191cc44d264fadf82c30b007ae852de39dcbf40','BB',0,NULL),
	('7b29d52ce86cfee913cece8881ea026ad936aed4','BB',0,NULL),
	('65cb4037de304c64a6ab2659243393c6c3933587','BB',0,NULL),
	('2014be43653baacfb9c04b0bd691fe78e65792d5','BB',0,NULL),
	('79a192f8a6252470ddd90c3a661f5033256aec56','BB',0,NULL),
	('67753eaaaea4f69ca852df8fa74d6953683af3c1','BB',0,NULL),
	('04bfde7be5701a793d9a107d54cc8a477ecc9d24','BB',0,NULL),
	('4af159f4cb00a850507fb512ddb7e60838f194be','BB',0,NULL),
	('ad7816e3170830a85e54bff7d9c5545c5632d6a6','BB',0,NULL),
	('02e0fae7aa7a5f47f9e8f96983867d58c37bdc41','BB',0,NULL),
	('74004633dc1807ef12972ca9fb4a717a6899aad4','BB',0,NULL),
	('161612f4b7b795e42c1c83f5f58e6208acfdb112','BB',0,NULL),
	('082903a35268ff88ca2d12a5897acf49bb87ba80','BB',0,NULL),
	('0dc47b6069d466c11fdb275142bd17f90d4e4f18','BB',0,NULL),
	('b678a3d263b74a3a4d37ec5698d5038ee5b99095','BB',0,NULL),
	('f741d0662808f72c3d6304d894ab582335d98db6','BB',0,NULL),
	('e6a530481cbc422455ffdac1b5c1fc88aff3e0fd','BB',0,NULL),
	('378e2eb17c7dbe10d53bf01a174b412eb49532a6','BB',0,NULL),
	('12f3d0eb25f7a06aee0a1da86b02ca2c9a6692a6','BB',0,NULL),
	('5926234bc286e79ccb0e60757a035b3f0b0ebdc7','BB',0,NULL),
	('6e7a74994b6f09968788d5c1b0e9ebc9da314142','BB',0,NULL),
	('ccbb94a0d041fb755935b7b8820f0d2e012f6152','BB',0,NULL),
	('d1294ef7361272b1b362ef94000603268eeec560','BB',0,NULL),
	('591fa8adaf815f109e66de90cb252028492080c9','BB',0,NULL),
	('e4ebe102953576d5a829986400dc5d524138b27e','BB',0,NULL),
	('10320f0ed1fa1185ec3a12d735c340ddb40cfefa','BB',0,NULL),
	('ce10338441fa246820d5cc9c81fd010bd2ba98b0','BB',0,NULL),
	('f8c3a85d52c70e55f90318d95f9099663afb626e','BB',0,NULL),
	('38cd5910b748c0ca093df853584881251346eefb','BB',0,NULL),
	('aadc6fffb2a6ea06ab13ae41f7695454763732b8','BB',0,NULL),
	('260e10052eb5ea2e3721a97feb3b0e4ca5dc0dd0','BB',0,NULL),
	('a6ab954cf6ff167dfe5cad3cedf92bccba66a9e4','BB',0,NULL),
	('c4495e8e06778ea6626682edf90df6b5bea21771','BB',0,NULL),
	('dc4f2158c4e3a7439146fe00f4ee1e3143f219d5','BB',0,NULL),
	('4650db7de09c0cafb05cc7df78e68dfe61bed7c9','BB',0,NULL),
	('ce1a02faa5212a0fe037b8b78a215a572044c049','BB',0,NULL),
	('8309b6e4abc38af53e43e232e0db62c8b8930726','BB',0,NULL),
	('d55b01d3b2b4bdc5f9d76f4989e67411657e5d49','BB',0,NULL),
	('225e216a8e186b83fed6c8a65bb1e72b2dfa7ffe','BB',0,NULL),
	('1858b4715277c5325f87385e4e263f45b340a58d','BB',0,NULL),
	('a79d48fa1637103352d6d44407fd0e4f5c33a020','BB',0,NULL),
	('ec194a3f89672d1f52df8f8b0be40b60b5aa7974','BB',0,NULL),
	('208d5cd92ab6e120785a5bcfdcccd7fc13ca88f3','BB',0,NULL),
	('cdec6efc047b9f076ad03a440b57166684801869','BB',0,NULL),
	('78a2dc8421b63cc54de6ce2584846e0577e1aa70','BB',0,NULL),
	('0839ef36433fb840d7ab409951ae56f63d448387','BB',0,NULL),
	('309c26a4037b216f175173dd55068634103a179d','BB',0,NULL),
	('35b1b63aaad62c2a2ff670b716a44f43cb722cfc','BB',0,NULL),
	('9d8601e7cba1b2fdedf9c3c964d3fbc4f43bc79a','BB',0,NULL),
	('fc7179bd4fa9505ead6bb8b4b69f81049d619a65','BB',0,NULL),
	('732616790213fee1cfbb81c83de4d97f2f69d119','BB',0,NULL),
	('6db5e773b1a3800f56c5cc2416e952462dc6d7a0','BB',0,NULL),
	('fa001cd7ae0f3ec0569c2972b2976727a9b29668','BB',0,NULL),
	('43f80eb2994b9ef8e33c3cc6de2c48b33909f8a3','BB',0,NULL),
	('18f74cad17d8816dc137b418379f1e3406149ff8','BB',0,NULL),
	('6fa5056dc1171010cc798ff614848e0d1efead46','BB',0,NULL),
	('a04aaaa94ac2701ee99cac08675d4ae65526e966','BB',0,NULL),
	('a74807fe07efcbcd4c1672e917997abf5a4b4003','BB',0,NULL),
	('9a402fbdf9d38b22c4e783e70b720087a5e52661','BB',0,NULL),
	('3da38bc17bde62cea373b7ecee34817c0bd58fa4','BB',0,NULL),
	('c41354314a110a94684333106b8c2971b3eecdf7','BB',0,NULL),
	('2c9efbd3cbfde9f1cf543ac7c2b241a4faad672b','BB',0,NULL),
	('7e1dc5f531fbaea4765ade7e267c336a336fd25b','BB',0,NULL),
	('43c097ce192b841d700672823efbf4e21cd7af81','BB',0,NULL),
	('2280feac9cc970560b964c5c75454a7a6a444672','BB',0,NULL),
	('6c80f8a21731b16f142a78a2d668fff580819c8b','BB',0,NULL),
	('c4896af5d5431ccccd2abee77883ecb3feedb6f1','BB',0,NULL),
	('918d9a0e1299ddbf34056bd134fcbb6e5d2fac16','BB',0,NULL),
	('6f32852da71e1ca47e7fbc55ea267bccf33b3468','BB',0,NULL),
	('79a4968a2f31ba1ca8847ce7fd0f5148cbdb5938','BR',0,NULL),
	('f65a3de54cf1140a7ee5c26233c68b4c0c68b29f','BR',0,NULL),
	('7b8fb1b55a69c3b43815b05affdad966412c6758','BR',0,NULL),
	('730698e989faf2f0faf34f0b24eada976eaec6d3','BR',0,NULL),
	('bc70651a73395d79e0ec89441a175cbb924ca260','BR',0,NULL),
	('b2a9e4fa668088ad3d7b8cbd20cf6536838d7210','BR',0,NULL),
	('2d67a026785bda3d96a74797bd8760199ce063ce','BR',0,NULL),
	('595725d5623188f8cf16b11eff63a97a70d2587e','BR',0,NULL),
	('df961b6ca5e7a4c5f1767b157628f51cfe9bac42','BR',0,NULL),
	('5a5665428f565b1b2039e53de4585d4d025a847b','BR',0,NULL),
	('b40135ae863b9a6ba68629fb3d1004026075ec2a','BR',0,NULL),
	('3e85bded9cb65cb770df4760c1b114672f6884e8','BR',0,NULL),
	('383184f330d64116334fd0ccc91c3f57d5ecb9f6','BR',0,NULL),
	('e2c4c26bb192070c943271c870730f95103119db','BR',0,NULL),
	('68f0d2af1c909194d12c98e964be07e14f92f8ba','BR',0,NULL),
	('b8f38630817b4df5362ad97131d5a5496341df4f','BR',0,NULL),
	('63e9b667e7ba4be5578c2dbb4696d872a8736790','BR',0,NULL),
	('43fbda2989107fcb140e4ab27b98bb1785abfba8','BR',0,NULL),
	('a47bd28cd0fdc812b3c7d1e63ed86e220cdc2e62','BR',0,NULL),
	('225f705b69a8e1635964b451ce79179ab9bd01ab','BR',0,NULL),
	('ad4f67fa2a06e42ff22533622b8a2b8ebd8a4164','BR',0,NULL),
	('9a2b744ad79fe47a0defd82d54545a16b175490d','BR',0,NULL),
	('385ee8825ba36ddee5ae31bd2f7f9c7fce7f18cd','BR',0,NULL),
	('49c6181528cff151534c95d444cc5679f5a17daa','BR',0,NULL),
	('66d2b692e357721f0a0224e26a2df5494d90f49e','BR',0,NULL),
	('4a1cb6bca8c5417af08f1d169a0036e279867567','BR',0,NULL),
	('20163e83a7f71963791cae9cb66de0feb4e14f80','BR',0,NULL),
	('8b1f74b5fe9b671612fa38de9ddb8e9980088950','BR',0,NULL),
	('827f3aaf23a86cb5bd69fc1cede0d3354f644903','BR',0,NULL),
	('9bc620c4d40931e2ea63d897e8909aa4306586b6','BR',0,NULL),
	('98f72e0bde2f94b671449e7013bc7cd580b43cd9','BR',0,NULL),
	('8ea8b70c553b4e3b22741ebfef64279d00e34e1f','BR',0,NULL),
	('042c1a9260ae1d12324bec4eb383935945060a74','BR',0,NULL),
	('9d3a066497621069c703d4b1e94d5a41b371f1d3','BR',0,NULL),
	('dcfd4ced612bcf95e87bf4d7ea42dcd9ee28206f','BR',0,NULL),
	('4cad70c3f6cf9ee3bd437d3687a1cebfb9fd4ff1','BR',0,NULL),
	('a0d97e0f87cc34d8e27f41368f20e270785602ce','BR',0,NULL),
	('cd09f221f2dfa75b35e382b52acf136de9de570d','BR',0,NULL),
	('10cfc81a276e220b8501040e76373ca99fceb106','BR',0,NULL),
	('62f210eefea001dacab3097fdb5722271ba8ecf7','BR',0,NULL),
	('ea9e05de60ff5cf360ac4c14f58e9f07832d2f2d','BR',0,NULL),
	('b6955748cbb2314a6fa977df69ab3ecfbd6bd346','BR',0,NULL),
	('fa9dae63ca5abc9ebe1876b2ae24140af2b38ddf','BR',0,NULL),
	('091dc359ba359f30921e9c07e220a2c01727f244','BR',0,NULL),
	('43c82597296f0b08786bda17563017baf6a4e246','BR',0,NULL),
	('c31f21251d2ea0b6764361efd334597388513cfa','BR',0,NULL),
	('f9843dda3543c10925046a5abcb0ef9172a3ee26','BR',0,NULL),
	('39cabe83433dec74d79d8c138485e2d5a48cae9b','BR',0,NULL),
	('46886bd4c8ad05ab5f828a573ba64e2e2cfb2e65','BR',0,NULL),
	('06ed964f827884d70e9aa8aaf31602a204cc4bb2','BR',0,NULL),
	('beed636c540c1592170973eef00486d3415e9b2d','BR',0,NULL),
	('0eea66e6e16ef78d45c4f92b237c67fc9f14dec5','BR',0,NULL),
	('11de17d5a05abd08ee252b5812164e0dca3d8c30','BR',0,NULL),
	('ec66707a8e9f71f96dabffbef1d7d004d4f3755f','BR',0,NULL),
	('37c017996a7a43786671d468b1c7cd63b3f19066','BR',0,NULL),
	('3503e28ac31dfffac4745b55f84edc2d4eeae6fd','BR',0,NULL),
	('fcd35835de7120748763c0bc42ef71c15378d71b','BR',0,NULL),
	('db8a5510847662b2cb9aa2eeb9e394f0977db3d3','BR',0,NULL),
	('3f04f98e2b82daebf10bf77eaf36c34cab835894','BR',0,NULL),
	('7af335c607213b7419e352f29ae03855432f3121','BR',0,NULL),
	('fe3b2f9555f793e599a3f4df94511229b970783e','BR',0,NULL),
	('6f245afb45cc71d4934264b0af4ca659afaecf9c','BR',0,NULL),
	('dd888e5107fb4a5c36366830b81b228fe603fb62','BR',0,NULL),
	('42db493b629818a420f6a5d35c9a44cb9a2b3eee','BR',0,NULL),
	('460e66845960738d4f9506899bc6459579e72af3','BR',0,NULL),
	('cdd4a855f6df003ad7f36527b983c0c0ff73a51a','BR',0,NULL),
	('4e0181398fd25e9879a6f484807298ec8100d710','BR',0,NULL),
	('6e43e1b2b624cd208d56a829785a093f2a9b6bc9','BR',0,NULL),
	('13d2be5cfd517ded33b3ab670a5c61b64a7f26e5','BR',0,NULL),
	('c0c2d4b90e6ac3babe664df14da8d61f84efaa0e','BR',0,NULL),
	('98e7adaaa4b4d745cfcf4724e75d0e588699502c','BR',0,NULL),
	('ab213eaab1e349e52d3612a7c35cf59b1bad4265','BR',0,NULL),
	('0990aa0c207789cf97d9bcc16041ff3733e13041','BR',0,NULL),
	('4cd58af11c6a11697f7d154d6b2b89ececbada1e','BR',0,NULL),
	('a267576a718f48e47760a112f3d2b431e8eca2ae','BR',0,47),
	('30d5eccf7896b2d100063cebc1680ddc01867ab3','BR',0,NULL),
	('35835cc2797e959fc5eb9f4c8b85fbaa2da64a9c','BR',0,NULL),
	('f8218d7e6ae76394690f4a334a1370c8445e0a50','BR',0,NULL),
	('84431d2711cf4092d6a3dc4710cc0b8d087db951','BR',0,NULL),
	('8623795e53dc1f64f50bc701ff3b1ebeb0ed221f','BR',0,NULL),
	('50fa47594234d0c143a4f37455a4808433a60b09','BR',0,NULL),
	('45ebe974137224f0d4f93213c6351c3bc35a04d5','BR',0,NULL),
	('94275021e81bb02fb0d0326c41f2ec3890099d84','BR',0,NULL),
	('84d7b10eeaa87cd9fd66b633461c38799e45a93b','BR',0,NULL),
	('02ee494940a7c3e0dc6b7da4b55a9097b687f1ab','BR',0,NULL),
	('e3a2a7e07e47f77f4b6929d39ccc7e6fbebc1dc2','BR',0,NULL),
	('6cc06bf6737601733ddf93cbf68f953be67731fa','BR',0,NULL),
	('84995814ab7954bbb409ecf702024252aa402ea6','BR',0,NULL),
	('f40a73e4534f610ee0d16daae808ecbb33d255de','BR',0,NULL),
	('e75455941e5a23f925ad4ce05fa903229a26e77b','BR',0,NULL),
	('467bc0b3aa5a8d6561eb4f42acb371b55f695c6a','BR',0,NULL),
	('434fb64ae5020b2390e461fe84c756313dd5acd3','BR',0,NULL),
	('64403065cb61864db289171cefc3be3c53f52c5a','BR',0,NULL),
	('602ab62e73b4019404782f4a2766106fe9c41ef4','BR',0,NULL),
	('5ec2a87b42f253ee072c3bb5e91b1f885f0f59ea','BR',0,NULL),
	('28c6c4588156fd056fb1886706983acc29849254','BR',0,NULL),
	('469a40cf85746d711a0ebe8bf2ad2ebb54e56cbf','BR',0,NULL),
	('0a885b1bfd4420bd2240f0329bc8624758c3a6fd','BR',0,NULL),
	('52565951bde0d7fa4c0f88785650380bd67fc6eb','BR',0,NULL),
	('207439754f5e7bcf1927a603e0e9ac392f7685df','BR',0,NULL);

/*!40000 ALTER TABLE `authcode` ENABLE KEYS */;
UNLOCK TABLES;


# Dump of table ballot_list
# ------------------------------------------------------------

DROP TABLE IF EXISTS `ballot_list`;

CREATE TABLE `ballot_list` (
  `l_id` int(11) unsigned NOT NULL AUTO_INCREMENT,
  `name` varchar(100) DEFAULT NULL,
  `prefix` varchar(5) DEFAULT NULL,
  PRIMARY KEY (`l_id`)
) ENGINE=InnoDB DEFAULT CHARSET=utf8;

LOCK TABLES `ballot_list` WRITE;
/*!40000 ALTER TABLE `ballot_list` DISABLE KEYS */;

INSERT INTO `ballot_list` (`l_id`, `name`, `prefix`)
VALUES
	(36,'文學院大學部','1B'),
	(37,'文學院研究所','1R'),
	(38,'理學院大學部','2B'),
	(39,'理學院研究所','2R'),
	(40,'社會科學院大學部','3B'),
	(41,'社會科學院研究所','3R'),
	(42,'醫學院大學部','4B'),
	(43,'醫學院研究所','4R'),
	(44,'工學院大學部','5B'),
	(45,'工學院研究所','5R'),
	(46,'生物資源暨農學院大學部','6B'),
	(47,'生物資源暨農學院研究所','6R'),
	(48,'管理學院大學部','7B'),
	(49,'管理學院研究所','7R'),
	(50,'公共衛生學院大學部','8B'),
	(51,'公共衛生學院研究所','8R'),
	(52,'電機資訊學院大學部','9B'),
	(53,'電機資訊學院研究所','9R'),
	(54,'法律學院大學部','AB'),
	(55,'法律學院研究所','AR'),
	(56,'生命科學院大學部','BB'),
	(57,'生命科學院研究所','BR');

/*!40000 ALTER TABLE `ballot_list` ENABLE KEYS */;
UNLOCK TABLES;


# Dump of table ballot_map
# ------------------------------------------------------------

DROP TABLE IF EXISTS `ballot_map`;

CREATE TABLE `ballot_map` (
  `l_id` int(11) unsigned NOT NULL,
  `t_id` int(11) unsigned NOT NULL,
  KEY `l_id` (`l_id`),
  KEY `t_id` (`t_id`),
  CONSTRAINT `ballot_map_ibfk_2` FOREIGN KEY (`t_id`) REFERENCES `ballot_type` (`t_id`),
  CONSTRAINT `ballot_map_ibfk_1` FOREIGN KEY (`l_id`) REFERENCES `ballot_list` (`l_id`)
) ENGINE=InnoDB DEFAULT CHARSET=utf8;

LOCK TABLES `ballot_map` WRITE;
/*!40000 ALTER TABLE `ballot_map` DISABLE KEYS */;

INSERT INTO `ballot_map` (`l_id`, `t_id`)
VALUES
	(36,14),
	(36,15),
	(36,16),
	(36,17),
	(36,18),
	(36,19),
	(37,14),
	(37,15),
	(37,16),
	(37,17),
	(37,18),
	(37,19),
	(38,14),
	(38,15),
	(38,16),
	(38,17),
	(38,18),
	(38,19),
	(39,14),
	(39,15),
	(39,16),
	(39,17),
	(39,18),
	(39,19),
	(40,14),
	(40,15),
	(40,16),
	(40,17),
	(40,18),
	(40,19),
	(41,14),
	(41,15),
	(41,16),
	(41,17),
	(41,18),
	(41,19),
	(42,14),
	(42,15),
	(42,16),
	(42,17),
	(42,18),
	(42,19),
	(43,14),
	(43,15),
	(43,16),
	(43,17),
	(43,18),
	(43,19),
	(44,14),
	(44,15),
	(44,16),
	(44,17),
	(44,18),
	(44,19),
	(45,14),
	(45,15),
	(45,16),
	(45,17),
	(45,18),
	(45,19),
	(46,14),
	(46,15),
	(46,16),
	(46,17),
	(46,18),
	(46,19),
	(47,14),
	(47,15),
	(47,16),
	(47,17),
	(47,18),
	(47,19),
	(48,14),
	(48,15),
	(48,16),
	(48,17),
	(48,18),
	(48,19),
	(49,14),
	(49,15),
	(49,16),
	(49,17),
	(49,18),
	(49,19),
	(50,14),
	(50,15),
	(50,16),
	(50,17),
	(50,18),
	(50,19),
	(51,14),
	(51,15),
	(51,16),
	(51,17),
	(51,18),
	(51,19),
	(52,14),
	(52,15),
	(52,16),
	(52,17),
	(52,18),
	(52,19),
	(53,14),
	(53,15),
	(53,16),
	(53,17),
	(53,18),
	(53,19),
	(54,14),
	(54,15),
	(54,16),
	(54,17),
	(54,18),
	(54,19),
	(55,14),
	(55,15),
	(55,16),
	(55,17),
	(55,18),
	(55,19),
	(56,14),
	(56,15),
	(56,16),
	(56,17),
	(56,18),
	(56,19),
	(57,14),
	(57,15),
	(57,16),
	(57,17),
	(57,18),
	(57,19);

/*!40000 ALTER TABLE `ballot_map` ENABLE KEYS */;
UNLOCK TABLES;


# Dump of table ballot_type
# ------------------------------------------------------------

DROP TABLE IF EXISTS `ballot_type`;

CREATE TABLE `ballot_type` (
  `t_id` int(11) unsigned NOT NULL AUTO_INCREMENT,
  `title1` varchar(100) DEFAULT NULL,
  `title2` varchar(100) DEFAULT NULL,
  `type` varchar(6) DEFAULT NULL,
  PRIMARY KEY (`t_id`)
) ENGINE=InnoDB DEFAULT CHARSET=utf8;

LOCK TABLES `ballot_type` WRITE;
/*!40000 ALTER TABLE `ballot_type` DISABLE KEYS */;

INSERT INTO `ballot_type` (`t_id`, `title1`, `title2`, `type`)
VALUES
	(14,'台北市長','Taipei City','single'),
	(15,'新北市長','New Taipei City','single'),
	(16,'桃園市長','Taoyuan City','single'),
	(17,'台中市長','Taichung City','single'),
	(18,'台南市長','Tainan City','single'),
	(19,'高雄市長','Kaohsiung City','single');

/*!40000 ALTER TABLE `ballot_type` ENABLE KEYS */;
UNLOCK TABLES;


# Dump of table booth
# ------------------------------------------------------------

DROP TABLE IF EXISTS `booth`;

CREATE TABLE `booth` (
  `b_id` int(11) unsigned NOT NULL AUTO_INCREMENT,
  `a_id` int(11) unsigned DEFAULT NULL,
  `username` varchar(30) DEFAULT NULL,
  `password` text,
  `num` int(11) DEFAULT NULL,
  `status` varchar(4) NOT NULL DEFAULT 'free',
  `authcode` varchar(100) DEFAULT NULL,
  `lastseen` int(11) NOT NULL DEFAULT '0',
  PRIMARY KEY (`b_id`),
  KEY `a_id` (`a_id`),
  CONSTRAINT `booth_ibfk_1` FOREIGN KEY (`a_id`) REFERENCES `account` (`a_id`)
) ENGINE=InnoDB DEFAULT CHARSET=utf8;

LOCK TABLES `booth` WRITE;
/*!40000 ALTER TABLE `booth` DISABLE KEYS */;

INSERT INTO `booth` (`b_id`, `a_id`, `username`, `password`, `num`, `status`, `authcode`, `lastseen`)
VALUES
	(40,17,'ntuvotes1-1','a7d02d1a6f169a70bd3785a530b79e87',1,'free',NULL,0),
	(41,17,'ntuvotes1-2','b5f7ea7b05b01e8a8097423f1600a0a7',2,'free',NULL,0),
	(42,17,'ntuvotes1-3','4d1ab97a708a7a530b6131afcab968e8',3,'free',NULL,0),
	(43,17,'ntuvotes1-4','8af7fa751c403f332849971c93e60667',4,'free',NULL,0),
	(46,18,'test-1','1c5bfc95f5cd822da04baaaebf614883',1,'lock','1B-OZCUPMY5K-HUH2YQWL6-23093',1415985701),
	(47,18,'test-2','6a95ab90790ea8802c32de94a777ba32',2,'lock','BR-TUKJZOIGC-4IMEDU7UF-89889',1415988404);

/*!40000 ALTER TABLE `booth` ENABLE KEYS */;
UNLOCK TABLES;


# Dump of table candidate
# ------------------------------------------------------------

DROP TABLE IF EXISTS `candidate`;

CREATE TABLE `candidate` (
  `c_id` int(11) unsigned NOT NULL AUTO_INCREMENT,
  `t_id` int(11) unsigned DEFAULT NULL,
  `name` varchar(100) DEFAULT NULL,
  `num` int(11) DEFAULT NULL,
  `img` text,
  PRIMARY KEY (`c_id`),
  KEY `t_id` (`t_id`),
  CONSTRAINT `candidate_ibfk_1` FOREIGN KEY (`t_id`) REFERENCES `ballot_type` (`t_id`)
) ENGINE=InnoDB DEFAULT CHARSET=utf8;

LOCK TABLES `candidate` WRITE;
/*!40000 ALTER TABLE `candidate` DISABLE KEYS */;

INSERT INTO `candidate` (`c_id`, `t_id`, `name`, `num`, `img`)
VALUES
	(13,NULL,'6Zmz5rGd5paM',1,'0'),
	(15,14,'陳汝斌',1,'https://10.211.55.11/assets/img/cimg/a1.jpg'),
	(16,14,'趙衍慶',2,'https://10.211.55.11/assets/img/cimg/a2.jpg'),
	(17,14,'李宏信',3,'https://10.211.55.11/assets/img/cimg/a3.jpg'),
	(18,14,'陳永昌',4,'https://10.211.55.11/assets/img/cimg/a4.jpg'),
	(19,14,'馮光遠',5,'https://10.211.55.11/assets/img/cimg/a5.jpg'),
	(20,14,'連勝文',6,'https://10.211.55.11/assets/img/cimg/a6.jpg'),
	(21,14,'柯文哲',7,'https://10.211.55.11/assets/img/cimg/a7.jpg'),
	(22,15,'游錫堃',1,'https://10.211.55.11/assets/img/cimg/b1.jpg'),
	(23,15,'李進順',2,'https://10.211.55.11/assets/img/cimg/b2.jpg'),
	(24,15,'朱立倫',3,'https://10.211.55.11/assets/img/cimg/b3.jpg'),
	(25,16,'鄭文燦',1,'https://10.211.55.11/assets/img/cimg/c1.jpg'),
	(26,16,'吳志揚',2,'https://10.211.55.11/assets/img/cimg/c2.jpg'),
	(27,16,'許睿智',3,'https://10.211.55.11/assets/img/cimg/c3.jpg'),
	(28,17,'胡志強',1,'https://10.211.55.11/assets/img/cimg/d1.jpg'),
	(29,17,'林佳龍',2,'https://10.211.55.11/assets/img/cimg/d2.jpg'),
	(30,18,'賴清德',1,'https://10.211.55.11/assets/img/cimg/e1.jpg'),
	(31,18,'黃秀霜',2,'https://10.211.55.11/assets/img/cimg/e2.jpg'),
	(32,19,'周可盛',1,'https://10.211.55.11/assets/img/cimg/f1.jpg'),
	(33,19,'陳菊',2,'https://10.211.55.11/assets/img/cimg/f2.jpg'),
	(34,19,'楊秋興',3,'https://10.211.55.11/assets/img/cimg/f3.jpg');

/*!40000 ALTER TABLE `candidate` ENABLE KEYS */;
UNLOCK TABLES;


# Dump of table config
# ------------------------------------------------------------

DROP TABLE IF EXISTS `config`;

CREATE TABLE `config` (
  `id` varchar(15) NOT NULL DEFAULT '',
  `value` varchar(100) DEFAULT NULL,
  PRIMARY KEY (`id`)
) ENGINE=InnoDB DEFAULT CHARSET=utf8;

LOCK TABLES `config` WRITE;
/*!40000 ALTER TABLE `config` DISABLE KEYS */;

INSERT INTO `config` (`id`, `value`)
VALUES
	('endtime','0'),
	('starttime','999999999'),
	('title','NTU VOTE');

/*!40000 ALTER TABLE `config` ENABLE KEYS */;
UNLOCK TABLES;



/*!40111 SET SQL_NOTES=@OLD_SQL_NOTES */;
/*!40101 SET SQL_MODE=@OLD_SQL_MODE */;
/*!40014 SET FOREIGN_KEY_CHECKS=@OLD_FOREIGN_KEY_CHECKS */;
/*!40101 SET CHARACTER_SET_CLIENT=@OLD_CHARACTER_SET_CLIENT */;
/*!40101 SET CHARACTER_SET_RESULTS=@OLD_CHARACTER_SET_RESULTS */;
/*!40101 SET COLLATION_CONNECTION=@OLD_COLLATION_CONNECTION */;
